Div,Date,Time,HomeTeam,AwayTeam,FTHG,FTAG,FTR,HTHG,HTAG,HTR,HS,AS,HST,AST,HF,AF,HC,AC,HY,AY,HR,AR,B365H,B365D,B365A,BWH,BWD,BWA,IWH,IWD,IWA,PSH,PSD,PSA,WHH,WHD,WHA,VCH,VCD,VCA,MaxH,MaxD,MaxA,AvgH,AvgD,AvgA,B365>2.5,B365<2.5,P>2.5,P<2.5,Max>2.5,Max<2.5,Avg>2.5,Avg<2.5,AHh,B365AHH,B365AHA,PAHH,PAHA,MaxAHH,MaxAHA,AvgAHH,AvgAHA,B365CH,B365CD,B365CA,BWCH,BWCD,BWCA,IWCH,IWCD,IWCA,PSCH,PSCD,PSCA,WHCH,WHCD,WHCA,VCCH,VCCD,VCCA,MaxCH,MaxCD,MaxCA,AvgCH,AvgCD,AvgCA,B365C>2.5,B365C<2.5,PC>2.5,PC<2.5,MaxC>2.5,MaxC<2.5,AvgC>2.5,AvgC<2.5,AHCh,B365CAHH,B365CAHA,PCAHH,PCAHA,MaxCAHH,MaxCAHA,AvgCAHH,AvgCAHA
N1,02/08/2019,19:00,Zwolle,Willem II,1,3,A,1,1,D,9,17,2,8,10,6,2,9,1,1,0,0,2,3.5,3.6,2.05,3.4,3.5,2,3.6,3.25,2.07,3.83,3.44,2,3.7,3.3,2.05,3.75,3.4,2.12,3.83,3.6,2.04,3.66,3.38,1.65,2.2,1.65,2.32,1.67,2.38,1.63,2.27,-0.25,1.75,2.05,1.81,2.09,1.83,2.13,1.79,2.07,2.2,3.4,3.1,2.15,3.5,3.1,2.25,3.5,2.85,2.32,3.63,3.04,2.3,3.5,2.9,2.38,3.6,2.9,2.38,3.66,3.1,2.27,3.53,2.96,1.7,2.1,1.73,2.19,1.74,2.3,1.69,2.17,-0.25,2.06,1.84,2.02,1.88,2.07,1.9,2.01,1.85
N1,03/08/2019,17:30,FC Emmen,Groningen,0,1,A,0,0,D,7,10,2,4,10,5,6,7,2,2,0,0,3.1,3.4,2.25,3,3.4,2.25,2.95,3.45,2.2,3.12,3.5,2.33,3,3.4,2.25,3.1,3.6,2.25,3.2,3.64,2.33,3.03,3.47,2.25,1.7,2.1,1.78,2.12,1.78,2.17,1.73,2.1,0.25,1.88,2.02,1.88,2.02,1.91,2.04,1.87,1.99,2.6,3.3,2.62,2.6,3.3,2.6,2.55,3.25,2.6,2.68,3.39,2.73,2.6,3.3,2.62,2.6,3.4,2.7,2.8,3.5,2.77,2.63,3.32,2.64,2,1.8,1.99,1.89,2.05,1.91,1.96,1.84,0,1.92,1.98,1.93,1.97,2,2.02,1.92,1.95
N1,03/08/2019,17:30,Vitesse,Ajax,2,2,D,1,1,D,13,26,3,9,15,13,0,9,3,3,1,0,6.5,4.5,1.44,5.75,4.5,1.48,5.5,4.55,1.47,5.91,4.84,1.51,5.8,4.6,1.47,6,4.75,1.5,6.5,4.84,1.54,5.77,4.63,1.49,1.44,2.7,1.47,2.79,1.5,2.88,1.46,2.66,1.25,1.8,2,1.84,2.06,1.87,2.08,1.82,2.04,6.5,4.33,1.5,6,4.33,1.48,5.4,4.55,1.48,6,4.79,1.51,5.8,4.6,1.47,5.75,4.8,1.5,6.5,4.9,1.53,5.8,4.65,1.49,1.4,2.87,1.41,3,1.45,3.1,1.4,2.87,1,2.02,1.77,2.1,1.81,2.14,1.84,2.09,1.79
N1,03/08/2019,19:45,Twente,PSV Eindhoven,1,1,D,1,0,H,3,16,2,5,10,15,0,7,1,1,0,0,10,4.33,1.36,7.5,4.6,1.4,6.4,4.85,1.4,7.57,4.97,1.41,8,4.75,1.36,8.5,5,1.36,10,5.1,1.43,7.38,4.84,1.39,1.44,2.7,1.45,2.85,1.47,2.9,1.44,2.74,1.25,2.02,1.88,2.01,1.88,2.12,1.9,2.02,1.85,6.5,4.33,1.45,5.5,4.6,1.48,5.6,4.45,1.48,6.75,4.64,1.48,6.5,4.33,1.47,6.25,4.5,1.5,6.8,4.65,1.53,6.19,4.48,1.48,1.57,2.35,1.58,2.48,1.61,2.5,1.55,2.41,1,2.09,1.81,2.15,1.77,2.16,1.85,2.08,1.79
N1,03/08/2019,19:45,VVV Venlo,Waalwijk,3,1,H,0,1,A,11,15,6,3,12,12,2,3,2,3,0,0,1.85,3.8,3.8,1.83,3.8,3.8,1.83,3.7,3.8,1.88,3.8,4.14,1.83,3.7,3.9,1.87,3.8,4,1.95,3.86,4.14,1.87,3.73,3.87,1.66,2.15,1.66,2.3,1.69,2.33,1.64,2.22,-0.75,2.07,1.72,2.14,1.78,2.17,1.8,2.13,1.75,1.8,4,4,1.83,3.8,3.8,1.8,3.75,3.85,1.87,3.92,4.07,1.83,3.7,3.9,1.85,3.9,4,1.9,4,4.18,1.85,3.79,3.93,1.61,2.25,1.65,2.33,1.67,2.37,1.63,2.26,-0.75,2.05,1.75,2.12,1.79,2.15,1.81,2.11,1.77
N1,04/08/2019,11:15,Heracles,Heerenveen,0,4,A,0,3,A,14,13,4,6,11,12,4,2,1,2,0,0,2.05,3.8,3.2,2,3.75,3.3,1.97,3.75,3.25,2.06,3.93,3.38,2,3.75,3.3,2,3.9,3.4,2.06,3.96,3.55,2.02,3.79,3.31,1.47,2.6,1.53,2.58,1.51,2.76,1.47,2.61,-0.25,1.75,2.05,1.81,2.1,1.81,2.17,1.77,2.1,2,3.8,3.3,2,3.75,3.3,2.05,3.75,3.05,2.15,3.83,3.23,2.1,3.75,3.1,2.1,3.9,3.13,2.16,3.92,3.4,2.09,3.77,3.17,1.47,2.6,1.53,2.58,1.51,2.76,1.47,2.61,-0.25,1.89,2.01,1.89,2.01,1.91,2.06,1.86,2
N1,04/08/2019,13:30,Feyenoord,Sparta Rotterdam,2,2,D,0,0,D,15,13,6,5,9,17,5,3,2,2,0,0,1.22,7,9.5,1.25,6,10,1.27,5.8,8.4,1.28,6.41,9.63,1.24,6,11,1.25,6.5,10.5,1.29,7,11.5,1.26,6.12,9.5,1.36,3.1,,,1.39,3.3,1.36,3.09,-1.75,1.96,1.94,1.98,1.93,1.99,1.96,1.94,1.92,1.33,5.5,7.5,1.34,5.25,7.5,1.35,5.2,6.9,1.34,5.8,8.17,1.3,5.5,8.5,1.33,5.75,8,1.4,5.85,9,1.34,5.47,7.63,1.36,3.1,,,1.4,3.25,1.36,3.04,-1.5,2,1.9,1.99,1.91,2.02,1.98,1.96,1.9
N1,04/08/2019,15:45,Den Haag,Utrecht,2,4,A,2,2,D,12,18,5,6,8,14,5,5,2,1,0,0,3.2,3.5,2.15,3.5,3.4,2.05,3.25,3.6,2.05,3.39,3.72,2.12,3.25,3.6,2.05,3.3,3.75,2.1,3.5,3.8,2.15,3.29,3.61,2.08,1.65,2.2,1.66,2.29,1.68,2.35,1.63,2.23,0.25,2.06,1.84,2.05,1.85,2.09,1.87,2.04,1.82,3.8,3.5,2,3.6,3.4,2,3.5,3.65,1.93,3.58,3.93,2,3.5,3.75,1.95,3.6,3.8,1.95,3.8,3.93,2.1,3.51,3.73,1.97,1.6,2.3,1.63,2.35,1.67,2.38,1.62,2.28,0.5,1.9,2,1.9,2,1.94,2.02,1.88,1.98
N1,04/08/2019,19:00,AZ Alkmaar,For Sittard,4,0,H,0,0,D,21,5,10,1,8,2,14,1,1,1,0,0,1.25,6.5,9,1.22,6.5,10.5,1.28,5.8,8,1.28,6.12,10.52,1.24,6,11,1.25,6.5,10,1.29,6.5,11.5,1.26,6.12,9.8,1.3,3.5,,,1.34,3.6,1.31,3.37,-1.75,1.96,1.94,1.99,1.91,1.99,2.02,1.92,1.93,1.22,6.5,10,1.25,6.25,9.5,1.25,6,9.1,1.25,6.74,10.73,1.2,6,13,1.22,6.5,12,1.27,6.8,13.25,1.24,6.36,10.52,1.33,3.4,1.33,3.46,1.37,3.46,1.34,3.22,-2,2.02,1.77,2.1,1.81,2.2,1.83,2.1,1.77
N1,09/08/2019,19:00,Sparta Rotterdam,VVV Venlo,4,1,H,0,1,A,17,6,8,2,13,10,2,4,2,2,0,0,1.95,3.5,3.5,2,3.5,3.5,1.97,3.65,3.4,2,3.92,3.61,1.95,3.7,3.5,2,3.8,3.5,2.07,3.92,3.61,1.99,3.7,3.47,1.61,2.25,1.64,2.34,1.66,2.37,1.63,2.27,-0.5,2.03,1.87,2,1.9,2.05,1.9,2,1.86,1.65,3.6,5.5,1.62,4.25,5,1.67,3.95,4.45,1.7,4.1,4.89,1.67,3.9,4.6,1.67,4.1,4.75,1.8,4.25,5.5,1.68,4.01,4.69,1.61,2.25,1.65,2.31,1.7,2.38,1.63,2.25,-0.75,1.91,1.99,1.91,1.99,2.02,2.03,1.9,1.96
N1,10/08/2019,17:30,Groningen,Twente,1,3,A,0,0,D,9,7,4,4,15,10,3,0,3,2,2,0,1.9,3.6,3.8,1.9,3.6,3.8,1.93,3.45,3.7,1.99,3.64,3.92,1.95,3.5,3.7,1.95,3.6,3.8,2.05,3.65,3.92,1.95,3.55,3.72,1.8,2,1.88,2,1.89,2.02,1.84,1.96,-0.5,1.98,1.92,1.99,1.91,2.01,1.93,1.96,1.89,2,3.5,3.6,2.15,3.3,3.5,2.05,3.3,3.45,2.12,3.49,3.62,2.1,3.3,3.4,2.1,3.5,3.5,2.2,3.5,3.8,2.1,3.38,3.49,2.05,1.75,2.04,1.84,2.08,1.86,2.02,1.79,-0.25,1.85,2.05,1.83,2.07,1.87,2.07,1.83,2.04
N1,10/08/2019,18:45,Ajax,FC Emmen,5,0,H,1,0,H,32,5,12,0,15,8,7,3,0,1,0,0,1.1,10,17,1.07,10,26,1.07,9.6,23,1.09,11.58,29.61,1.06,10,41,1.06,11.5,46,1.1,12,46,1.08,10.52,27.05,1.22,4.2,1.21,4.62,1.25,4.62,1.22,4.03,-2.75,1.84,2.06,1.87,2.03,1.88,2.07,1.84,2.02,1.05,13,26,1.06,12.5,34,1.04,11.5,31,1.06,14.73,37.66,1.03,12,51,1.04,13,56,1.08,17,56,1.05,13.06,35.88,1.16,5,1.18,4.95,1.2,5.4,1.17,4.71,-3.25,1.91,1.99,1.93,1.96,2.09,2.01,1.92,1.94
N1,10/08/2019,19:45,Willem II,Vitesse,0,2,A,0,0,D,7,17,1,10,10,12,4,7,2,2,0,0,2.87,3.4,2.37,3,3.4,2.25,2.8,3.4,2.3,2.93,3.62,2.4,2.88,3.5,2.3,2.8,3.6,2.4,3,3.65,2.4,2.87,3.49,2.33,1.7,2.1,1.75,2.16,1.76,2.19,1.72,2.11,0.25,1.78,2.13,1.82,2.08,1.83,2.16,1.79,2.07,2.9,3.6,2.25,2.95,3.6,2.3,2.8,3.5,2.25,2.93,3.6,2.4,2.8,3.6,2.3,2.8,3.6,2.4,3.05,3.74,2.4,2.86,3.55,2.33,1.65,2.2,1.67,2.29,1.67,2.38,1.63,2.27,0.25,1.83,2.07,1.82,2.09,1.88,2.11,1.81,2.06
N1,11/08/2019,11:15,For Sittard,Heracles,1,1,D,0,0,D,16,17,3,5,13,18,4,12,2,4,0,0,2.3,3.5,2.9,2.4,3.6,2.65,2.3,3.65,2.7,2.41,3.8,2.81,2.3,3.75,2.7,2.38,3.8,2.75,2.41,3.9,3,2.33,3.68,2.76,1.5,2.5,1.52,2.63,1.54,2.66,1.51,2.53,-0.25,2.1,1.8,2.1,1.8,2.13,1.83,2.06,1.8,2.4,3.5,2.8,2.4,3.9,2.65,2.35,3.7,2.6,2.43,3.87,2.74,2.35,3.7,2.7,2.38,3.8,2.75,2.47,3.9,2.8,2.39,3.75,2.69,1.47,2.6,1.51,2.66,1.52,2.76,1.48,2.6,-0.25,2.07,1.72,2.13,1.78,2.17,1.83,2.11,1.76
N1,11/08/2019,13:30,Heerenveen,Feyenoord,1,1,D,0,1,A,12,6,6,3,15,14,1,1,0,0,0,0,3.6,3.6,1.95,3.6,3.6,1.95,3.5,3.75,1.87,3.58,4.2,1.93,3.5,3.9,1.88,3.7,3.9,1.91,3.7,4.25,1.97,3.53,3.87,1.92,1.57,2.35,1.57,2.49,1.62,2.49,1.57,2.37,0.5,1.94,1.96,1.96,1.93,1.97,1.98,1.92,1.93,4.75,4.2,1.61,4.6,4.5,1.65,4.45,4.2,1.63,4.57,4.5,1.68,4.5,4.2,1.63,4.75,4.4,1.65,4.75,4.5,1.73,4.51,4.35,1.65,1.44,2.7,1.52,2.63,1.5,2.8,1.46,2.65,0.75,2.09,1.81,2.04,1.86,2.11,1.86,2.05,1.81
N1,11/08/2019,13:30,Waalwijk,AZ Alkmaar,0,2,A,0,2,A,12,13,3,6,10,8,9,6,2,1,1,0,5.75,3.8,1.57,5,4.1,1.6,4.9,4.1,1.57,5.42,4.38,1.6,5,4.2,1.57,5.2,4.3,1.6,5.85,4.4,1.63,5.18,4.19,1.59,1.57,2.35,1.56,2.53,1.6,2.53,1.56,2.39,1,1.86,2.04,1.89,2.01,1.89,2.07,1.86,2,11,5,1.3,8.5,5.5,1.33,8,5.2,1.3,8.13,5.86,1.34,9.5,5.25,1.29,10,5.5,1.3,11,5.86,1.4,8.52,5.42,1.32,1.44,2.7,1.53,2.59,1.53,2.77,1.48,2.63,1.5,2.05,1.85,2.04,1.85,2.07,1.95,2,1.87
N1,11/08/2019,15:45,Utrecht,Zwolle,3,1,H,0,1,A,18,8,9,4,13,11,11,3,2,1,0,0,1.5,4,7,1.5,4.2,6,1.5,4.3,5.6,1.51,4.59,6.3,1.5,4.33,6,1.5,4.6,6,1.55,4.65,7,1.5,4.38,5.96,1.57,2.35,1.56,2.51,1.61,2.51,1.56,2.39,-1,1.84,2.06,1.83,2.08,1.87,2.09,1.82,2.04,1.33,4.75,9.5,1.36,5.25,8,1.31,5.2,7.9,1.36,5.51,8.01,1.33,5.25,8,1.33,5.5,8.5,1.38,5.75,9.5,1.34,5.34,8.01,1.44,2.7,1.52,2.64,1.54,2.75,1.48,2.6,-1.5,1.96,1.94,1.97,1.93,2.01,1.97,1.95,1.91
N1,11/08/2019,19:00,PSV Eindhoven,Den Haag,3,1,H,1,1,D,25,4,14,2,4,9,12,1,1,0,0,0,1.12,8.5,17,1.12,8.5,17.5,1.13,7.7,14.5,1.14,8.87,19.32,1.12,8,17,1.13,9,18,1.17,9.2,21,1.13,8.35,16.81,1.28,3.6,,,1.29,3.9,1.26,3.67,-2.5,2.08,1.82,2.04,1.85,2.11,1.88,2.02,1.83,1.12,8.5,17,1.13,8.75,19.5,1.15,7.6,14,1.15,8.68,18.88,1.12,8,19,1.13,9,20,1.16,9.3,23,1.13,8.45,17.6,1.28,3.6,,,1.31,3.85,1.27,3.63,-2.5,2.08,1.82,2.08,1.82,2.12,1.89,2.03,1.83
N1,16/08/2019,19:00,Vitesse,Zwolle,3,0,H,0,0,D,12,8,6,2,9,16,2,3,1,3,0,0,1.3,5.5,10,1.33,5.5,8.5,1.31,5.3,8,1.33,5.83,8.63,1.29,5.5,9,1.3,5.75,9.5,1.34,5.83,10,1.31,5.54,8.65,1.44,2.7,1.52,2.64,1.5,2.79,1.46,2.64,-1.5,1.9,2,1.91,1.99,1.96,2.03,1.9,1.97,1.33,5.25,8,1.35,5.5,7.75,1.36,5,6.9,1.37,5.31,7.94,1.35,5,8,1.36,5.4,7.5,1.42,5.6,9,1.36,5.3,7.55,1.44,2.7,1.52,2.64,1.49,2.88,1.44,2.73,-1.5,2.06,1.84,2.08,1.83,2.13,1.95,2.01,1.85
N1,17/08/2019,17:30,Den Haag,Sparta Rotterdam,1,2,A,0,2,A,16,10,3,3,12,20,13,2,1,2,0,0,2.8,3.5,2.37,2.85,3.6,2.4,2.7,3.55,2.35,2.81,3.71,2.45,2.75,3.5,2.35,2.75,3.75,2.38,2.88,3.8,2.48,2.77,3.58,2.38,1.6,2.3,1.59,2.45,1.64,2.45,1.6,2.32,0.25,1.81,2.09,1.78,2.13,1.84,2.13,1.79,2.09,3.75,3.5,1.95,3,3.8,2.2,3.1,3.75,2.05,3.3,3.94,2.09,3.2,3.75,2.05,3.25,3.9,2.05,3.75,4,2.2,3.17,3.81,2.08,1.47,2.6,1.49,2.71,1.52,2.73,1.48,2.61,0.25,2.11,1.79,2.06,1.84,2.16,1.89,2.06,1.81
N1,17/08/2019,17:30,VVV Venlo,Ajax,1,4,A,0,1,A,7,20,4,9,4,7,3,13,2,2,0,0,15,8,1.14,15,8.5,1.16,14.5,7.5,1.15,15.04,8.26,1.17,19,7.5,1.12,21,8.5,1.13,21,8.5,1.17,15.68,7.88,1.15,1.3,3.5,,,1.33,3.75,1.29,3.51,2.25,2.02,1.88,2,1.89,2.05,1.95,1.97,1.88,15,8,1.14,17.5,8.75,1.14,16,8.3,1.11,17.7,9.54,1.14,23,8.5,1.1,26,9,1.11,26,9.65,1.14,18.56,8.87,1.12,1.22,4.2,1.24,4.22,1.29,4.22,1.24,3.88,2.5,1.98,1.92,1.96,1.93,2.01,1.96,1.95,1.92
N1,17/08/2019,19:45,FC Emmen,Heerenveen,2,0,H,2,0,H,12,19,7,4,14,12,4,8,1,0,0,0,2.9,3.4,2.3,2.85,3.6,2.4,2.7,3.55,2.35,2.8,3.78,2.42,2.7,3.6,2.35,2.8,3.7,2.38,3,3.78,2.42,2.79,3.6,2.36,1.6,2.3,1.64,2.34,1.67,2.39,1.61,2.29,0.25,1.75,2.05,1.79,2.11,1.84,2.13,1.79,2.07,2.8,3.4,2.37,2.95,3.6,2.3,2.75,3.55,2.3,2.85,3.71,2.42,2.75,3.5,2.35,2.75,3.7,2.4,2.97,3.72,2.47,2.83,3.58,2.35,1.6,2.3,1.64,2.34,1.68,2.41,1.61,2.29,0.25,1.79,2.11,1.8,2.11,1.86,2.13,1.8,2.08
N1,18/08/2019,11:15,For Sittard,Willem II,2,3,A,1,3,A,16,9,7,5,12,11,4,5,2,2,0,0,3.1,3.5,2.2,3,3.7,2.25,2.9,3.55,2.2,3.02,3.8,2.27,3,3.6,2.2,3,3.75,2.2,3.1,3.8,2.4,2.97,3.64,2.23,1.6,2.3,1.63,2.37,1.64,2.41,1.6,2.31,0.25,1.92,1.98,1.91,1.99,1.94,2,1.9,1.96,3.8,3.75,1.9,3.3,3.8,2.05,3.4,3.65,1.95,3.6,4.15,1.94,3.4,3.8,1.95,3.5,3.75,2,3.8,4.15,2.1,3.45,3.82,1.98,1.65,2.2,1.65,2.33,1.71,2.45,1.64,2.24,0.5,1.92,1.98,1.96,1.94,2,2.08,1.9,1.96
N1,18/08/2019,13:30,Twente,Waalwijk,3,3,D,0,1,A,15,14,7,9,8,14,9,2,1,3,0,0,1.45,4.5,6,1.53,4.4,6,1.47,4.4,5.8,1.51,4.71,6.02,1.47,4.4,6,1.5,4.6,6.25,1.53,4.71,6.75,1.49,4.48,6.02,1.57,2.35,1.57,2.48,1.62,2.5,1.56,2.37,-1,1.75,2.05,1.81,2.09,1.83,2.12,1.78,2.08,1.53,4.75,5.25,1.55,4.5,5.5,1.53,4.3,5.1,1.56,4.54,5.65,1.53,4.2,5.5,1.53,4.5,5.75,1.6,4.75,5.8,1.54,4.44,5.39,1.53,2.4,1.55,2.55,1.59,2.55,1.54,2.44,-1,1.91,1.99,1.93,1.97,1.95,2,1.9,1.96
N1,18/08/2019,15:45,AZ Alkmaar,Groningen,0,0,D,0,0,D,6,12,0,2,7,12,6,5,0,1,0,0,1.4,4.75,7.5,1.4,4.75,8.25,1.43,4.55,6.2,1.44,4.78,7.39,1.42,4.5,7,1.44,4.8,7,1.47,4.85,8.25,1.43,4.64,6.89,1.53,2.4,1.55,2.54,1.57,2.58,1.53,2.45,-1.25,1.97,1.93,1.99,1.92,1.99,1.95,1.95,1.9,1.6,4.2,5.25,1.62,4,5.5,1.57,3.95,5.2,1.57,4.17,6.09,1.57,3.9,5.5,1.62,4,5.5,1.67,4.25,6.1,1.6,4.01,5.49,1.72,2.07,1.74,2.18,1.8,2.18,1.74,2.08,-1,2.01,1.89,2.02,1.88,2.13,1.92,2.03,1.84
N1,18/08/2019,15:45,Feyenoord,Utrecht,1,1,D,0,1,A,14,16,6,7,8,21,7,6,0,3,0,0,1.9,4,3.5,1.87,4,3.75,1.93,3.75,3.4,2,3.99,3.53,1.95,3.8,3.4,1.95,3.9,3.5,2,4,3.85,1.94,3.86,3.5,1.53,2.4,1.57,2.5,1.57,2.58,1.53,2.44,-0.5,1.98,1.92,2,1.9,2.01,1.95,1.95,1.9,1.85,4,3.6,1.95,3.9,3.5,1.9,3.8,3.45,1.95,4.01,3.69,1.91,3.8,3.5,1.95,3.9,3.6,2.01,4.01,3.7,1.93,3.88,3.54,1.5,2.5,1.53,2.6,1.55,2.7,1.51,2.51,-0.5,1.95,1.95,1.95,1.95,1.97,1.97,1.93,1.93
N1,18/08/2019,19:00,Heracles,PSV Eindhoven,0,2,A,0,1,A,21,10,3,5,8,16,6,2,2,7,0,0,7.5,5,1.36,6.5,5.5,1.4,6.2,4.9,1.4,7.19,5.25,1.4,7,5,1.38,7,5.25,1.4,8.5,5.5,1.44,6.76,5.13,1.39,1.4,2.87,,,1.43,3.1,1.4,2.88,1.25,2.05,1.85,2.03,1.87,2.07,1.88,2.02,1.84,7.5,4.75,1.36,6.75,5.25,1.4,6.5,4.95,1.38,7.16,5.42,1.39,7.5,5,1.35,8,5.25,1.36,8,5.5,1.42,7,5.16,1.38,1.44,2.7,1.45,2.85,1.48,2.9,1.44,2.73,1.25,2.06,1.84,2.05,1.85,2.12,1.86,2.05,1.82
N1,24/08/2019,17:30,Willem II,FC Emmen,2,1,H,1,0,H,17,11,6,2,14,15,3,4,2,3,0,0,1.72,4,4.2,1.7,3.8,4.6,1.7,3.9,4.2,1.76,4.03,4.49,1.73,3.8,4.33,1.73,4,4.5,1.79,4.05,5,1.74,3.92,4.32,1.6,2.3,1.58,2.47,1.61,2.48,1.57,2.36,-0.75,1.97,1.93,1.99,1.91,2,1.94,1.96,1.9,1.8,3.8,4,1.85,3.75,4.1,1.83,3.65,3.8,1.88,3.86,4.1,1.85,3.6,3.9,1.87,3.8,4,1.94,3.86,4.35,1.86,3.74,3.96,1.7,2.1,1.71,2.21,1.75,2.24,1.7,2.13,-0.5,1.9,2,1.88,2.02,1.95,2.05,1.88,1.99
N1,24/08/2019,18:45,Heracles,Vitesse,1,1,D,0,0,D,16,16,4,6,8,7,5,5,2,2,0,0,3.3,3.6,2.05,3.25,3.8,2,3.2,3.8,2,3.28,4.11,2.06,3.25,3.9,2,3.4,3.9,2,3.4,4.11,2.17,3.23,3.86,2.03,1.5,2.5,1.51,2.67,1.52,2.72,1.49,2.55,0.25,2.05,1.75,2.09,1.81,2.12,1.83,2.07,1.79,3.4,3.6,2.05,3.1,4,2.1,3.1,3.7,2.05,3.22,3.95,2.12,3.1,3.8,2.05,3.2,3.8,2.1,3.4,4,2.18,3.17,3.84,2.08,1.53,2.4,1.54,2.58,1.55,2.63,1.52,2.49,0.25,2.04,1.86,2.03,1.87,2.07,1.91,2.02,1.84
N1,24/08/2019,19:45,Heerenveen,Twente,0,0,D,0,0,D,17,11,3,1,11,11,5,8,2,2,0,0,2.1,3.5,3.25,2.2,3.4,3.1,2.15,3.55,2.95,2.23,3.67,3.19,2.15,3.5,3.1,2.2,3.6,3.1,2.23,3.74,3.25,2.18,3.58,3.09,1.6,2.3,1.6,2.43,1.63,2.43,1.58,2.33,-0.25,1.96,1.94,1.95,1.95,1.98,1.98,1.92,1.93,1.85,3.6,4,1.9,3.8,3.8,1.87,3.7,3.6,1.94,3.98,3.74,1.88,3.75,3.7,1.93,3.8,3.7,2.2,3.98,4,1.92,3.76,3.7,1.61,2.25,1.63,2.36,1.66,2.38,1.6,2.29,-0.25,1.65,2.2,1.7,2.26,1.97,2.29,1.7,2.22
N1,25/08/2019,11:15,Waalwijk,Den Haag,0,3,A,0,1,A,13,7,3,5,11,5,10,3,1,2,0,1,2.3,3.6,2.8,2.4,3.5,2.7,2.35,3.55,2.65,2.41,3.7,2.85,2.35,3.6,2.75,2.38,3.75,2.8,2.42,3.75,3.1,2.37,3.58,2.76,1.57,2.35,1.61,2.4,1.65,2.48,1.58,2.36,-0.25,2.05,1.75,2.1,1.8,2.12,1.84,2.07,1.79,2.25,3.6,2.9,2.25,3.8,2.9,2.25,3.7,2.7,2.37,3.91,2.81,2.3,3.75,2.7,2.3,3.8,2.8,2.41,3.95,3,2.3,3.77,2.79,1.44,2.7,1.46,2.83,1.55,2.84,1.46,2.7,-0.25,2.03,1.87,2.08,1.82,2.09,1.87,2.04,1.82
N1,25/08/2019,13:30,Utrecht,VVV Venlo,1,2,A,0,2,A,20,10,5,3,11,10,13,2,0,3,0,0,1.25,5.25,11,1.28,5.75,9,1.27,5.5,8.7,1.31,5.81,9.52,1.27,5.5,10,1.29,5.75,10.5,1.31,5.9,11,1.29,5.65,9.38,1.44,2.7,1.45,2.87,1.49,2.87,1.45,2.71,-1.75,2.03,1.87,2.04,1.85,2.12,1.88,2.03,1.83,1.28,5.25,10,1.3,5.75,9,1.28,5.5,8.5,1.31,5.73,9.64,1.27,5.5,10,1.29,5.75,10,1.32,5.85,11,1.29,5.59,9.43,1.44,2.7,1.5,2.7,1.5,2.79,1.46,2.65,-1.5,1.85,2.05,1.85,2.05,1.88,2.09,1.84,2.03
N1,25/08/2019,15:45,Zwolle,Sparta Rotterdam,2,2,D,1,1,D,17,22,8,7,8,9,4,2,2,2,0,0,3.3,3.6,2,3.25,3.8,2,3.25,3.75,1.97,3.34,3.95,2.07,3.25,3.75,2,2.45,3.6,2.75,3.4,3.95,2.1,3.27,3.77,2.03,1.5,2.5,1.55,2.55,1.55,2.63,1.51,2.49,0.25,2,1.8,2.08,1.82,2.16,1.85,2.06,1.8,2.55,3.6,2.5,2.55,3.7,2.55,2.5,3.6,2.5,2.62,3.74,2.6,2.5,3.6,2.55,2.45,3.6,2.75,3.05,3.76,2.7,2.58,3.64,2.53,1.53,2.4,1.55,2.55,1.58,2.55,1.53,2.44,0.25,1.65,2.2,1.69,2.27,1.92,2.29,1.7,2.21
N1,30/08/2019,19:00,FC Emmen,Zwolle,1,3,A,1,3,A,30,18,8,9,12,8,15,2,5,1,0,0,2.45,3.4,2.75,2.45,3.4,2.85,2.45,3.4,2.65,2.55,3.65,2.71,2.4,3.5,2.7,2.45,3.6,2.75,2.6,3.65,2.85,2.48,3.48,2.72,1.72,2.07,1.74,2.16,1.81,2.16,1.75,2.07,0,1.85,2.05,1.88,2.01,1.89,2.08,1.84,2.04,2.45,3.4,2.75,2.45,3.5,2.8,2.45,3.4,2.65,2.52,3.73,2.7,2.4,3.5,2.7,2.5,3.6,2.7,2.6,3.73,2.82,2.47,3.53,2.7,1.66,2.15,1.67,2.29,1.76,2.29,1.69,2.17,0,1.88,2.02,1.88,2.02,1.9,2.06,1.86,2.02
N1,31/08/2019,17:30,Heerenveen,For Sittard,1,1,D,1,1,D,27,8,11,3,12,8,14,1,1,1,0,0,1.44,4.5,6.5,1.48,4.6,6.5,1.46,4.5,5.7,1.48,4.79,6.45,1.47,4.5,6,1.5,4.75,6,1.53,4.79,6.5,1.48,4.61,5.98,1.47,2.6,1.49,2.72,1.54,2.72,1.5,2.55,-1.25,2.08,1.82,2.06,1.84,2.11,1.85,2.05,1.82,1.36,5,7.5,1.4,5.25,6.75,1.4,4.95,6.1,1.4,5.34,7.06,1.38,5,7,1.4,5.4,7,1.46,5.45,7.5,1.39,5.2,6.78,1.33,3.4,1.36,3.27,1.38,3.4,1.35,3.09,-1.5,1.97,1.82,2.04,1.85,2.09,1.86,2.02,1.83
N1,31/08/2019,18:45,Groningen,Heracles,1,2,A,0,1,A,12,10,2,4,11,8,5,5,2,1,0,0,1.95,3.6,3.6,2,3.7,3.6,2,3.45,3.45,2.05,3.58,3.74,2,3.4,3.6,2.05,3.6,3.5,2.1,3.7,3.8,2.02,3.53,3.54,1.8,2,1.83,2.06,1.84,2.09,1.79,2.02,-0.5,2.06,1.84,2.05,1.85,2.09,1.88,2.04,1.83,1.95,3.6,3.6,2.05,3.5,3.6,2,3.45,3.4,2,3.8,3.69,1.95,3.6,3.6,2,3.6,3.75,2.1,3.8,3.9,2,3.58,3.61,1.85,1.95,1.9,1.98,1.93,2.05,1.86,1.95,-0.5,2.02,1.88,2,1.89,2.04,1.92,2,1.87
N1,31/08/2019,19:45,Den Haag,VVV Venlo,1,0,H,1,0,H,12,9,4,2,14,13,1,6,3,4,0,1,2,3.6,3.5,2.05,3.8,3.4,2,3.6,3.25,2.1,3.84,3.35,2.05,3.7,3.25,2.05,3.8,3.3,2.22,3.84,3.5,2.05,3.68,3.31,1.6,2.3,1.6,2.42,1.64,2.42,1.6,2.31,-0.25,1.83,2.07,1.79,2.12,1.84,2.12,1.8,2.07,1.95,3.6,3.75,2,3.9,3.4,1.95,3.65,3.4,1.99,3.97,3.6,1.91,3.7,3.6,1.95,3.9,3.6,2.06,3.97,3.75,1.96,3.79,3.53,1.6,2.3,1.62,2.38,1.64,2.41,1.6,2.31,-0.5,1.96,1.94,1.99,1.92,2.02,1.95,1.97,1.9
N1,01/09/2019,11:15,Twente,Utrecht,3,1,H,1,0,H,10,13,4,3,12,9,1,7,1,1,0,1,3.8,3.6,1.9,3.6,3.8,1.95,3.55,3.7,1.9,3.63,4.04,1.96,3.6,3.8,1.88,3.7,3.9,1.91,3.85,4.04,2.02,3.59,3.78,1.94,1.6,2.3,1.6,2.42,1.66,2.42,1.61,2.3,0.5,1.95,1.95,1.94,1.96,1.96,2.02,1.92,1.94,5.25,4,1.6,4.33,4.2,1.72,4.5,4.05,1.63,4.87,4.16,1.69,4.6,4.2,1.63,4.8,4.3,1.62,5.25,4.35,1.82,4.67,4.13,1.67,1.53,2.4,1.57,2.49,1.61,2.55,1.56,2.39,0.75,2.05,1.85,2.02,1.88,2.09,1.94,2.02,1.84
N1,01/09/2019,13:30,Sparta Rotterdam,Ajax,1,4,A,0,2,A,12,15,3,6,16,4,4,8,2,0,0,0,9,6.5,1.25,9,6.25,1.28,7.7,5.9,1.28,9.27,6.3,1.29,9.5,6,1.25,10.5,6.5,1.25,10.5,6.6,1.31,8.82,6.2,1.27,1.28,3.6,1.29,3.73,1.29,3.95,1.27,3.65,1.75,1.98,1.92,1.99,1.92,2.01,1.94,1.96,1.9,10,6.5,1.22,9.75,6.5,1.26,8.4,6.2,1.25,9.13,6.68,1.28,10,6,1.24,10.5,6.5,1.25,11,6.95,1.29,9.46,6.54,1.25,1.25,4,1.26,4.09,1.29,4.1,1.25,3.86,1.75,2,1.8,2.1,1.81,2.12,1.87,2.05,1.81
N1,01/09/2019,15:45,Vitesse,AZ Alkmaar,2,1,H,1,1,D,10,13,4,3,25,13,5,11,4,3,0,0,2.3,3.6,2.8,2.3,3.6,2.95,2.3,3.6,2.75,2.35,3.74,2.92,2.3,3.6,2.8,2.38,3.75,2.8,2.45,3.8,3,2.31,3.63,2.84,1.57,2.35,1.61,2.42,1.62,2.48,1.57,2.38,-0.25,2.08,1.82,2.07,1.83,2.09,1.85,2.04,1.82,2.8,3.6,2.4,2.7,3.7,2.45,2.75,3.5,2.3,2.83,3.81,2.39,2.8,3.6,2.3,2.9,3.7,2.3,2.94,3.81,2.6,2.76,3.64,2.38,1.65,2.2,1.68,2.26,1.69,2.4,1.65,2.24,0.25,1.75,2.05,1.81,2.09,1.86,2.19,1.79,2.08
N1,01/09/2019,15:45,Willem II,Feyenoord,0,1,A,0,0,D,10,8,2,3,6,15,6,5,1,2,0,0,3.5,3.75,1.95,3.75,3.7,1.95,3.5,3.7,1.9,3.82,3.86,1.95,3.7,3.7,1.88,3.75,3.8,1.93,3.82,3.88,1.95,3.64,3.72,1.94,1.57,2.35,1.61,2.4,1.62,2.45,1.58,2.34,0.5,1.95,1.95,1.95,1.95,1.97,1.97,1.93,1.93,4.33,4,1.7,4.1,4.2,1.75,4.15,3.9,1.7,4.36,4.19,1.76,4.33,3.9,1.73,4.5,4,1.73,4.6,4.2,1.81,4.27,4.01,1.74,1.57,2.35,1.59,2.45,1.62,2.5,1.57,2.36,0.75,1.93,1.97,1.93,1.97,2,1.99,1.91,1.95
N1,01/09/2019,19:00,Waalwijk,PSV Eindhoven,1,3,A,1,0,H,8,16,2,7,12,8,5,6,2,2,0,0,13,7,1.18,13,7.25,1.2,9.3,6.3,1.23,11.63,7.05,1.23,12,6.5,1.2,12,7,1.2,13,7.3,1.25,11.48,6.72,1.21,1.28,3.6,1.3,3.67,1.32,3.8,1.29,3.54,2,1.91,1.99,1.9,2,1.94,2.01,1.9,1.97,10,6,1.25,10,6.25,1.26,10,5.6,1.25,10.76,6.6,1.25,11,6,1.24,10.5,6.5,1.25,12.5,6.6,1.29,10.28,6.14,1.25,1.36,3.1,1.36,3.27,1.39,3.35,1.36,3.1,1.75,1.99,1.91,2.01,1.89,2.02,1.95,1.97,1.89
N1,14/09/2019,17:30,Ajax,Heerenveen,4,1,H,2,1,H,29,10,12,4,7,8,11,2,1,1,0,0,1.1,9,21,1.14,8.5,17.5,1.15,7.7,12,1.14,8.7,17.27,1.12,8,17,1.13,9,15,1.17,9.5,21,1.14,8.51,16.07,1.2,4.33,1.2,4.61,1.2,4.75,1.19,4.45,-2.5,2.04,1.86,2.02,1.84,2.06,1.89,2.01,1.85,1.1,9,21,1.14,8.5,17.5,1.12,8.3,14.5,1.11,10.3,20.04,1.1,9,19,1.1,9.5,20,1.15,10.3,26,1.12,9.12,17.88,1.2,4.33,1.18,4.92,1.21,4.95,1.19,4.46,-2.5,1.88,2.02,1.89,1.99,2.02,2.05,1.9,1.96
N1,14/09/2019,17:30,AZ Alkmaar,Sparta Rotterdam,5,1,H,4,1,H,14,11,7,4,11,5,9,3,0,1,0,0,1.5,4.6,5.5,1.53,4.33,6,1.5,4.4,5.3,1.53,4.65,5.82,1.5,4.4,5.8,1.5,4.5,5.75,1.57,4.75,6,1.51,4.47,5.69,1.5,2.5,1.5,2.7,1.53,2.7,1.5,2.56,-1,1.86,2.04,1.85,2.04,1.87,2.09,1.83,2.03,1.53,4.5,5.5,1.53,4.33,6,1.55,4.3,5,1.57,4.5,5.57,1.52,4.33,5.5,1.53,4.33,5.5,1.59,4.75,6,1.54,4.4,5.55,1.53,2.4,1.56,2.52,1.57,2.69,1.52,2.49,-1,1.96,1.94,1.95,1.95,1.99,2.08,1.91,1.96
N1,14/09/2019,18:45,VVV Venlo,Groningen,2,1,H,1,1,D,5,17,4,6,15,12,5,13,1,0,0,0,2.8,3.25,2.5,2.95,3.3,2.45,2.9,3.2,2.35,3.01,3.32,2.49,2.88,3.25,2.4,2.9,3.3,2.4,3.01,3.38,2.6,2.92,3.24,2.43,2.05,1.75,2.08,1.8,2.09,1.85,2.02,1.79,0.25,1.81,2.09,1.78,2.13,1.83,2.14,1.78,2.09,3.1,3.25,2.3,3,3.3,2.4,2.95,3.15,2.35,3.08,3.37,2.42,3,3.2,2.35,3,3.2,2.38,3.1,3.37,2.48,3,3.26,2.39,2.15,1.66,2.23,1.7,2.28,1.8,2.16,1.7,0.25,1.83,2.07,1.83,2.08,1.84,2.1,1.8,2.06
N1,14/09/2019,19:45,PSV Eindhoven,Vitesse,5,0,H,2,0,H,19,14,12,2,6,11,8,3,0,1,0,0,1.4,4.5,8,1.42,4.75,7.25,1.42,4.6,6.3,1.43,4.79,7.4,1.42,4.5,7,1.4,4.8,7,1.51,4.85,8,1.42,4.67,6.87,1.47,2.6,1.5,2.69,1.53,2.69,1.49,2.57,-1.25,1.95,1.95,1.97,1.93,1.97,1.97,1.93,1.92,1.4,4.33,8,1.45,4.6,7,1.45,4.6,6,1.38,5.16,8.05,1.36,4.75,8,1.4,4.8,7,1.52,5.3,8.9,1.41,4.79,7.26,1.47,2.6,1.48,2.74,1.52,2.74,1.48,2.62,-1.25,1.81,2.09,1.83,2.08,1.98,2.12,1.85,2.01
N1,14/09/2019,19:45,Utrecht,FC Emmen,3,1,H,1,0,H,23,8,7,3,13,16,10,4,3,4,0,0,1.28,6,8.5,1.3,6,8.5,1.3,5.3,8.2,1.34,6.09,7.72,1.29,5.5,9,1.29,5.5,9.5,1.37,6.09,9.5,1.31,5.66,8.33,1.47,2.6,1.47,2.81,1.5,2.81,1.47,2.64,-1.5,1.89,2.01,1.91,1.99,1.91,2.03,1.88,1.98,1.25,6,10,1.26,6.25,10.5,1.26,5.8,8.9,1.27,6.71,9.43,1.24,6,10,1.22,6.25,10.5,1.31,6.8,11,1.26,6.26,9.69,1.36,3.1,1.37,3.2,1.4,3.3,1.36,3.08,-1.75,1.91,1.99,1.91,1.99,1.95,2.02,1.9,1.96
N1,15/09/2019,11:15,Zwolle,Waalwijk,6,2,H,1,2,A,14,11,6,5,7,12,4,5,1,2,0,0,1.6,4.2,5.25,1.6,4.25,5.25,1.6,4.2,4.6,1.65,4.45,4.85,1.62,4.2,4.6,1.62,4.4,4.8,1.68,4.5,5.25,1.61,4.31,4.81,1.44,2.7,1.48,2.75,1.5,2.79,1.47,2.64,-0.75,1.77,2.02,1.82,2.08,1.83,2.2,1.78,2.08,1.57,3.8,6,1.6,4.6,4.75,1.63,4.2,4.45,1.65,4.37,4.91,1.6,4.2,4.75,1.62,4.4,4.6,1.7,4.6,6,1.63,4.29,4.73,1.4,2.87,1.43,2.93,1.45,3,1.42,2.79,-1,1.97,1.82,2.07,1.83,2.15,1.86,2.07,1.8
N1,15/09/2019,13:30,Feyenoord,Den Haag,3,2,H,3,0,H,15,7,9,3,12,10,1,4,1,3,0,0,1.22,7,10,1.25,6.25,11.5,1.25,5.9,9.3,1.26,6.19,11.58,1.24,6,11,1.25,6,12,1.29,7,12.5,1.25,6.06,10.64,1.36,3.1,1.4,3.05,1.43,3.1,1.38,2.96,-1.75,1.92,1.98,1.93,1.97,1.94,2.02,1.9,1.95,1.28,5.75,8.5,1.28,6,9.75,1.27,5.6,8.4,1.29,6.1,9.88,1.25,5.8,10,1.25,6,9.5,1.3,6.3,11,1.27,5.95,9.56,1.36,3.1,1.38,3.15,1.42,3.17,1.37,3.01,-1.75,2,1.9,2,1.9,2.02,1.94,1.97,1.89
N1,15/09/2019,13:30,Heracles,Willem II,4,1,H,2,1,H,12,7,6,4,16,14,2,4,0,3,0,0,2.1,3.4,3.4,2.15,3.7,3.2,2.1,3.55,3.1,2.14,3.94,3.19,2.1,3.7,3.1,2.1,3.75,3.25,2.2,3.94,3.4,2.12,3.69,3.15,1.65,2.2,1.66,2.3,1.68,2.33,1.64,2.24,-0.25,1.87,2.03,1.88,2.02,1.89,2.04,1.86,2,2,3.4,3.75,2.1,3.7,3.3,2,3.6,3.25,2.09,3.85,3.37,2,3.7,3.3,2.05,3.7,3.25,2.11,3.87,3.75,2.05,3.71,3.32,1.57,2.35,1.58,2.46,1.65,2.46,1.61,2.32,-0.25,1.83,2.07,1.83,2.07,1.86,2.13,1.81,2.05
N1,15/09/2019,15:45,For Sittard,Twente,2,3,A,0,2,A,25,9,10,5,9,14,12,2,1,1,1,1,3,3.6,2.2,3,3.75,2.2,3,3.65,2.1,3.12,3.88,2.19,3,3.7,2.15,3.1,3.8,2.15,3.12,3.9,2.33,3.02,3.72,2.17,1.57,2.35,1.57,2.49,1.59,2.52,1.56,2.41,0.25,1.98,1.92,1.98,1.93,2,1.95,1.95,1.9,3.3,3.6,2.05,3.3,3.9,2.05,3.15,3.65,2.05,3.31,3.95,2.08,3.2,3.7,2.05,3.25,3.75,2.05,3.31,3.95,2.2,3.22,3.78,2.07,1.57,2.35,1.6,2.44,1.63,2.52,1.57,2.39,0.25,2.05,1.85,2.07,1.83,2.07,1.88,2.04,1.83
N1,20/09/2019,19:00,Twente,Heracles,2,3,A,1,2,A,9,7,2,5,13,13,5,4,2,1,0,0,2.37,3.4,2.87,2.35,3.75,2.8,2.35,3.6,2.65,2.46,3.82,2.73,2.35,3.6,2.7,2.38,3.7,2.7,2.52,3.82,2.87,2.4,3.66,2.72,1.53,2.4,1.57,2.5,1.59,2.52,1.55,2.41,-0.25,2.07,1.72,2.13,1.78,2.19,1.81,2.11,1.76,2.5,3.4,2.7,2.5,3.75,2.6,2.45,3.6,2.55,2.59,3.77,2.61,2.45,3.6,2.6,2.5,3.7,2.55,2.66,3.77,2.72,2.5,3.63,2.62,1.57,2.35,1.62,2.39,1.63,2.55,1.58,2.36,0,1.94,1.96,1.94,1.96,1.96,2.04,1.9,1.97
N1,21/09/2019,17:30,Sparta Rotterdam,Waalwijk,4,0,H,2,0,H,19,15,8,4,14,9,4,8,1,2,0,0,1.45,4.5,6,1.5,4.75,5.75,1.5,4.55,5.2,1.53,4.51,6.01,1.5,4.4,5.8,1.5,4.6,5.5,1.55,4.8,6.25,1.5,4.58,5.68,1.4,2.87,1.43,2.95,1.44,3.05,1.41,2.85,-1.25,2.09,1.81,2.09,1.81,2.12,1.86,2.06,1.8,1.44,4.75,6,1.4,5.25,6.75,1.45,4.8,5.6,1.4,5.51,6.79,1.36,5.25,7,1.36,5.2,7,1.46,5.6,7.6,1.4,5.24,6.6,1.33,3.4,1.35,3.36,1.4,3.4,1.35,3.14,-1.25,1.75,2.05,1.79,2.11,1.95,2.2,1.79,2.08
N1,21/09/2019,18:45,Groningen,Zwolle,2,0,H,1,0,H,18,5,7,1,15,6,7,3,1,0,0,0,1.85,3.6,4,1.85,3.75,4.1,1.85,3.55,3.95,1.89,3.82,4.09,1.83,3.6,4,1.83,3.6,4.1,1.93,3.82,4.3,1.87,3.65,3.97,1.8,2,1.84,2.04,1.89,2.04,1.83,1.97,-0.5,1.88,2.02,1.89,2,1.92,2.04,1.88,1.98,1.8,3.75,4.33,1.87,3.75,4,1.8,3.6,3.95,1.85,3.76,4.36,1.8,3.6,4.2,1.8,3.75,4.1,1.91,3.8,4.4,1.84,3.69,4.1,1.72,2.07,1.78,2.11,1.85,2.13,1.77,2.05,-0.75,2.02,1.77,2.11,1.8,2.16,1.86,2.09,1.78
N1,21/09/2019,18:45,Willem II,VVV Venlo,1,0,H,1,0,H,20,8,6,1,17,14,8,2,1,1,0,0,1.66,4.2,4.5,1.7,4,4.75,1.67,3.9,4.45,1.7,4.25,4.65,1.67,4,4.5,1.65,4,4.75,1.74,4.25,4.9,1.69,4.02,4.56,1.66,2.15,1.71,2.22,1.72,2.29,1.67,2.19,-0.75,1.89,2.01,1.92,1.98,1.92,2.04,1.88,1.97,1.66,4.2,4.5,1.7,4,4.75,1.67,3.8,4.65,1.71,4.14,4.71,1.67,3.9,4.6,1.67,3.9,4.8,1.77,4.2,5.1,1.7,3.96,4.63,1.8,2,1.82,2.06,1.86,2.13,1.79,2.03,-0.75,1.91,1.99,1.93,1.97,1.97,2,1.92,1.95
N1,21/09/2019,19:45,Vitesse,For Sittard,4,2,H,0,1,A,20,12,9,4,14,10,9,6,4,1,0,0,1.25,5.75,11,1.28,6.25,9.25,1.27,5.8,8.4,1.31,6.26,8.53,1.27,5.8,9.5,1.25,6,10,1.31,6.35,11,1.28,5.99,8.9,1.36,3.1,1.37,3.23,1.39,3.3,1.36,3.12,-1.75,1.99,1.91,2.01,1.88,2.03,1.94,1.97,1.89,1.2,7,11,1.22,7,11,1.2,6.6,11,1.22,7.56,10.69,1.18,7,12,1.18,7,13,1.27,7.6,15,1.21,7.06,11.44,1.28,3.6,1.3,3.69,1.36,3.7,1.3,3.46,-2,1.88,2.02,1.88,2.01,1.96,2.04,1.89,1.97
N1,22/09/2019,11:15,Heerenveen,Utrecht,1,1,D,1,1,D,22,9,4,4,7,7,4,2,3,2,0,0,3.3,3.8,2,3.2,3.8,2.1,3.05,3.75,2.05,3.25,3.9,2.12,3.1,3.8,2.05,3.2,3.8,2.1,3.3,3.95,2.12,3.18,3.8,2.07,1.5,2.5,1.5,2.69,1.52,2.72,1.49,2.58,0.25,2.02,1.77,2.03,1.87,2.07,1.89,2.01,1.84,3.25,3.75,2.05,3.1,4,2.1,3.1,3.75,2.05,3.28,4.02,2.08,3.2,3.75,2.05,3.13,3.8,2.1,3.4,4.02,2.15,3.16,3.85,2.08,1.44,2.7,1.47,2.77,1.5,2.8,1.46,2.67,0.25,2.06,1.84,2.07,1.83,2.08,1.89,2.03,1.83
N1,22/09/2019,13:30,FC Emmen,Feyenoord,3,3,D,2,2,D,10,20,5,7,20,11,4,7,2,1,1,0,6,5,1.44,7,5,1.42,6,4.6,1.45,6.76,4.76,1.47,6.5,4.75,1.42,6.5,5,1.44,7.7,5.1,1.49,6.43,4.74,1.44,1.47,2.6,1.53,2.61,1.54,2.66,1.5,2.53,1.25,1.89,2.01,1.88,2.02,1.91,2.03,1.88,1.97,6,4.5,1.5,6,4.75,1.48,5.4,4.5,1.48,6.23,5.04,1.47,6,4.6,1.47,6.25,4.8,1.44,6.8,5.1,1.56,5.98,4.75,1.47,1.44,2.7,1.47,2.77,1.49,2.83,1.45,2.7,1.25,1.92,1.98,1.91,1.99,1.96,2.06,1.87,1.98
N1,22/09/2019,15:45,Den Haag,AZ Alkmaar,0,1,A,0,0,D,8,11,1,3,14,13,1,2,0,0,0,0,5.75,4.2,1.53,5.25,4.25,1.6,4.9,4.25,1.55,5.21,4.75,1.57,5.25,4.4,1.53,5.5,4.5,1.55,5.75,4.75,1.61,5.17,4.43,1.56,1.5,2.5,1.51,2.66,1.55,2.66,1.5,2.54,1,1.94,1.96,1.93,1.97,1.95,1.98,1.92,1.93,6.5,4.5,1.45,5.75,4.4,1.53,5.4,4.55,1.48,5.54,4.82,1.53,5.5,4.5,1.5,5.5,4.6,1.5,6.5,4.82,1.57,5.56,4.63,1.51,1.44,2.7,1.52,2.62,1.52,2.85,1.47,2.65,1,2.07,1.83,2.03,1.87,2.11,1.89,2.04,1.83
N1,22/09/2019,15:45,PSV Eindhoven,Ajax,1,1,D,0,0,D,16,20,3,6,8,7,4,10,1,2,0,0,2.9,3.6,2.25,2.95,3.75,2.25,2.7,3.75,2.25,2.88,3.99,2.29,2.75,3.75,2.25,2.8,3.9,2.3,2.95,4,2.37,2.8,3.79,2.28,1.44,2.7,1.48,2.75,1.48,2.86,1.46,2.68,0.25,1.86,2.04,1.88,2.02,1.89,2.08,1.84,2.01,3.1,3.75,2.1,2.85,3.9,2.25,2.75,3.6,2.3,3.12,4.09,2.13,3.1,3.8,2.05,3.1,3.8,2.1,3.3,4.09,2.3,3.03,3.86,2.14,1.47,2.6,1.48,2.75,1.56,2.79,1.47,2.65,0.25,2.04,1.86,2.02,1.88,2.09,1.96,1.98,1.88
N1,25/09/2019,17:30,PSV Eindhoven,Groningen,3,1,H,2,0,H,10,6,4,1,10,9,4,3,0,2,0,0,1.25,6,10,1.25,6.5,10.5,1.26,5.8,8.8,1.24,6.86,11.03,1.22,6.5,10,1.25,6,10,1.28,6.86,11.25,1.24,6.34,10.02,1.4,2.87,1.37,3.23,1.42,3.23,1.38,2.97,-1.75,1.96,1.94,1.93,1.97,1.98,2.03,1.9,1.95,1.33,5.25,7.5,1.36,5.5,7.5,1.3,5.4,7.9,1.36,5.22,8.77,1.33,5,8.5,1.36,4.8,8,1.4,5.6,9.4,1.35,5.16,7.96,1.65,2.2,1.66,2.31,1.7,2.45,1.61,2.3,-1.25,1.89,2.01,1.88,2.02,1.91,2.08,1.85,2.01
N1,25/09/2019,19:45,Ajax,For Sittard,5,0,H,0,0,D,25,4,13,0,8,6,5,2,1,1,0,0,1.03,15,34,1.03,17.5,41,1.04,12.5,28,1.04,17.49,33.28,1.02,15,36,1.04,15,31,1.05,20,56,1.03,16.19,36.86,1.1,7,1.1,7.74,1.11,7.5,1.09,6.69,-3.75,2.08,1.82,2.05,1.78,2.11,1.88,2.04,1.81,1.03,15,34,1.03,18.5,41,1.02,13.5,40,1.04,16.43,38.52,1.02,15,46,1.03,15,46,1.04,23,65,1.03,17.12,42.94,1.1,7,1.1,7.74,1.1,8,1.09,6.94,-4,1.9,1.9,1.94,1.91,2.06,1.94,1.98,1.86
N1,26/09/2019,19:00,Feyenoord,AZ Alkmaar,0,3,A,0,1,A,12,11,5,6,15,11,3,2,2,1,0,0,2.15,3.5,3.2,2.15,3.5,3.1,2.1,3.7,3,2.17,3.79,3.23,2.1,3.7,3.1,2.15,3.75,2.9,2.23,3.95,3.25,2.15,3.69,3.06,1.5,2.5,1.52,2.64,1.53,2.69,1.5,2.54,-0.25,1.94,1.96,1.9,2,1.95,2,1.9,1.95,2.05,3.5,3.4,2.2,3.5,3.2,2.1,3.6,3.05,2.19,3.72,3.23,2.15,3.6,3.1,2.1,3.7,3.13,2.2,3.72,3.4,2.15,3.59,3.17,1.6,2.3,1.62,2.38,1.63,2.48,1.58,2.36,-0.25,1.9,2,1.92,1.99,1.94,2.01,1.89,1.96
N1,27/09/2019,19:00,FC Emmen,Den Haag,3,0,H,1,0,H,16,19,5,5,18,10,5,4,4,4,0,0,2,3.75,3.4,2.1,3.75,3.25,2.05,3.65,3.15,2.13,3.9,3.24,2.05,3.7,3.2,2.05,3.8,3.2,2.2,3.9,3.4,2.08,3.75,3.22,1.53,2.4,1.54,2.57,1.61,2.57,1.55,2.42,-0.25,1.85,2.05,1.87,2.03,1.88,2.08,1.83,2.03,2.1,3.75,3.25,2.1,3.7,3.25,2.05,3.7,3.05,2.11,3.94,3.25,2.1,3.75,3.1,2.05,3.9,3.13,2.18,3.94,3.3,2.1,3.78,3.16,1.5,2.5,1.52,2.64,1.57,2.64,1.51,2.52,-0.25,1.86,2.04,1.85,2.04,1.9,2.08,1.84,2.01
N1,28/09/2019,17:30,VVV Venlo,Heerenveen,0,3,A,0,2,A,9,10,2,4,13,16,10,4,2,1,0,0,3.3,3.6,2.05,3.2,3.5,2.2,3.25,3.45,2.1,3.4,3.69,2.13,3.3,3.6,2.05,3.3,3.5,2.1,3.55,3.75,2.27,3.23,3.55,2.13,1.8,2,1.77,2.13,1.86,2.13,1.78,2.03,0.25,2.05,1.85,2.06,1.84,2.06,1.98,2,1.85,3.75,3.6,1.9,3.6,3.7,2,3.4,3.55,1.97,3.54,3.92,2.01,3.4,3.6,2,3.5,3.7,1.95,3.75,3.92,2.27,3.48,3.7,2,1.7,2.1,1.71,2.21,1.83,2.22,1.7,2.14,0.25,2.15,1.67,2.16,1.76,2.21,1.98,2.12,1.76
N1,28/09/2019,18:45,Ajax,Groningen,2,0,H,0,0,D,32,6,9,2,7,11,8,2,1,4,0,1,1.12,9,15,1.13,9.5,16,1.15,7.3,13.5,1.14,8.29,18.8,1.14,7.5,17,1.13,8.5,17,1.18,9.5,21,1.14,8.2,16.62,1.3,3.5,1.3,3.53,1.34,3.6,1.3,3.42,-2.25,1.94,1.96,1.94,1.93,1.98,1.99,1.92,1.93,1.12,9,15,1.15,9,14.5,1.13,7.6,14.5,1.12,9.55,20.33,1.12,8,17,1.09,9.5,22,1.15,10,30,1.12,9.06,18.27,1.28,3.6,1.28,3.76,1.32,3.93,1.28,3.57,-2.5,1.96,1.94,2.05,1.83,2.13,1.95,1.99,1.87
N1,28/09/2019,19:45,For Sittard,Sparta Rotterdam,0,0,D,0,0,D,13,14,2,2,11,21,10,3,3,5,0,1,3.6,4,1.85,3.9,4,1.85,3.65,3.85,1.83,3.82,3.94,1.93,3.6,3.9,1.85,3.7,4,1.83,4,4.1,1.93,3.73,3.88,1.87,1.5,2.5,1.52,2.63,1.54,2.66,1.5,2.56,0.5,2.01,1.89,1.97,1.93,2.03,1.93,1.97,1.89,3.8,4,1.8,3.8,4,1.85,3.75,4.05,1.77,3.93,4.4,1.8,3.6,4,1.83,3.9,4.2,1.75,4.1,4.4,1.88,3.83,4.19,1.79,1.4,2.87,1.42,2.97,1.5,2.97,1.43,2.81,0.75,1.88,2.02,1.88,2.02,1.9,2.05,1.86,2
N1,29/09/2019,11:15,Waalwijk,Vitesse,1,2,A,0,1,A,10,11,5,3,13,6,2,5,2,0,0,1,6,4.2,1.53,6.25,4.6,1.48,5.2,4.4,1.5,5.84,4.41,1.56,5.5,4.33,1.52,5.5,4.5,1.5,6.25,4.6,1.6,5.65,4.39,1.52,1.47,2.6,1.48,2.75,1.53,2.75,1.48,2.6,1,2.01,1.89,2.01,1.88,2.1,1.9,2.01,1.85,5.5,4.33,1.55,5.5,4.33,1.57,4.75,4.4,1.57,5.45,4.73,1.55,5.5,4.4,1.52,5.4,4.6,1.5,5.5,4.75,1.6,5.27,4.51,1.55,1.36,3.1,1.38,3.15,1.45,3.15,1.39,2.97,1,2.03,1.87,2.05,1.85,2.08,1.91,2,1.86
N1,29/09/2019,13:30,Utrecht,Willem II,2,0,H,0,0,D,11,9,6,3,11,11,3,3,1,4,1,0,1.5,4.33,6,1.53,4.4,6,1.5,4.4,5.4,1.54,4.32,6.32,1.5,4.33,6,1.5,4.4,5.5,1.59,4.6,6.32,1.52,4.37,5.72,1.5,2.5,1.52,2.63,1.55,2.64,1.51,2.54,-1,1.87,2.03,1.86,2.04,1.92,2.06,1.86,2,1.55,4.2,5.5,1.53,4.4,6,1.6,4.1,4.85,1.66,3.94,5.51,1.53,4.2,5.5,1.6,4.2,5,1.68,4.4,6,1.6,4.13,5.28,1.57,2.35,1.61,2.41,1.61,2.55,1.56,2.41,-1,2.08,1.82,2.1,1.81,2.15,1.94,2.04,1.83
N1,29/09/2019,13:30,Zwolle,PSV Eindhoven,0,4,A,0,1,A,14,25,4,15,10,11,5,6,1,3,0,0,6.5,5,1.4,7,5.25,1.4,6.2,4.85,1.4,7.18,5.15,1.41,7,4.8,1.4,6.5,5,1.4,7.9,5.25,1.46,6.64,4.97,1.41,1.44,2.7,1.45,2.86,1.47,2.9,1.44,2.75,1.25,2,1.9,1.98,1.92,2.02,1.94,1.96,1.89,8,5.25,1.33,7,5.25,1.4,6.9,5.2,1.35,7.69,6.04,1.34,7,5.25,1.36,7.5,5.4,1.33,8.5,6.04,1.41,7.45,5.45,1.35,1.4,2.87,1.37,3.22,1.44,3.22,1.4,2.91,1.5,1.95,1.95,1.98,1.92,1.98,2.06,1.91,1.95
N1,29/09/2019,15:45,AZ Alkmaar,Heracles,2,0,H,0,0,D,16,9,9,3,16,11,8,4,2,3,0,0,1.55,4.2,5.5,1.6,4,5.75,1.57,4.2,4.95,1.56,4.44,5.76,1.53,4.2,5.5,1.53,4.4,5.25,1.6,4.5,6.2,1.56,4.25,5.45,1.53,2.4,1.52,2.58,1.55,2.63,1.52,2.49,-1,1.95,1.95,1.93,1.96,1.97,1.97,1.91,1.93,1.45,4.5,6,1.48,4.75,6.25,1.5,4.4,5.5,1.52,4.61,6.14,1.47,4.4,6,1.5,4.5,5.75,1.54,4.75,6.3,1.49,4.53,5.96,1.5,2.5,1.51,2.68,1.55,2.68,1.51,2.54,-1,1.88,2.02,1.85,2.06,1.9,2.15,1.83,2.03
N1,29/09/2019,15:45,Feyenoord,Twente,5,1,H,2,1,H,18,6,11,1,12,6,7,2,1,2,0,0,1.4,4.75,7,1.45,5,6.25,1.4,4.9,6.2,1.44,5.02,6.78,1.4,4.75,7,1.4,5,6.5,1.49,5.15,7.05,1.42,4.89,6.59,1.44,2.7,1.44,2.88,1.46,2.95,1.42,2.79,-1.25,1.9,2,1.92,1.98,1.93,2.01,1.89,1.97,1.33,5.25,8,1.36,5.75,7.25,1.33,5.2,7.1,1.35,5.59,8.27,1.32,5.25,8,1.33,5.5,7.5,1.4,5.75,8.5,1.34,5.43,7.78,1.36,3.1,1.38,3.16,1.45,3.16,1.39,2.96,-1.5,1.99,1.91,1.97,1.93,2,2.01,1.95,1.92
N1,04/10/2019,19:00,Groningen,Waalwijk,3,0,H,2,0,H,11,8,5,3,16,18,4,4,3,3,0,0,1.36,5,7.5,1.35,5.25,8.25,1.37,4.8,7,1.4,5.2,7.42,1.36,5,7.5,1.36,5,7.5,1.45,5.25,8.25,1.38,5.03,7.32,1.57,2.35,1.59,2.45,1.64,2.52,1.56,2.42,-1.25,1.84,2.06,1.85,2.05,1.89,2.07,1.84,2.02,1.4,5,7,1.42,5,7,1.4,4.7,6.5,1.43,5.09,6.93,1.4,4.8,7,1.4,4.8,7,1.48,5.1,7.4,1.41,4.93,6.79,1.53,2.4,1.56,2.52,1.62,2.54,1.55,2.45,-1.25,1.92,1.98,1.92,1.98,1.93,2.02,1.9,1.96
N1,05/10/2019,17:30,Heracles,FC Emmen,2,0,H,1,0,H,15,8,4,0,10,13,5,0,0,3,0,0,1.57,4.2,5.25,1.67,4.25,4.6,1.6,4.15,4.55,1.63,4.44,5.03,1.6,4.2,4.75,1.57,4.4,5,1.71,4.5,5.25,1.63,4.25,4.78,1.44,2.7,1.48,2.76,1.5,2.79,1.47,2.64,-1,2.03,1.87,2.04,1.86,2.1,1.9,2.03,1.83,1.6,4.5,4.75,1.65,4.2,4.5,1.65,4.1,4.3,1.64,4.4,4.97,1.62,4.2,4.6,1.62,4.33,4.6,1.74,4.5,5,1.64,4.26,4.66,1.44,2.7,1.45,2.87,1.5,2.87,1.45,2.7,-1,1.97,1.82,2.07,1.83,2.2,1.85,2.07,1.8
N1,05/10/2019,18:45,Sparta Rotterdam,Twente,2,1,H,0,0,D,14,15,9,5,9,10,5,3,1,3,0,1,1.75,4,4.2,1.78,4,4.25,1.75,3.9,3.95,1.79,4.23,4.12,1.78,4,3.9,1.75,4,4,1.9,4.25,4.25,1.78,4.02,4.01,1.53,2.4,1.53,2.59,1.56,2.6,1.52,2.49,-0.75,2.04,1.86,2.03,1.87,2.15,1.88,2.02,1.84,1.8,4,3.8,1.85,3.9,4,1.8,3.9,3.75,1.87,4.19,3.83,1.83,3.9,3.75,1.8,4,3.8,1.93,4.2,4,1.85,3.99,3.78,1.44,2.7,1.45,2.88,1.52,2.88,1.47,2.64,-0.75,2.02,1.77,2.1,1.8,2.13,1.83,2.08,1.79
N1,05/10/2019,18:45,Vitesse,Utrecht,2,1,H,1,1,D,13,16,4,6,11,6,3,4,1,1,0,0,2.3,3.75,2.75,2.4,3.75,2.7,2.3,3.65,2.7,2.39,3.81,2.82,2.3,3.7,2.75,2.3,3.75,2.75,2.45,3.85,2.82,2.35,3.72,2.73,1.53,2.4,1.54,2.56,1.56,2.6,1.52,2.49,-0.25,2.08,1.82,2.09,1.81,2.11,1.84,2.06,1.8,2.4,3.75,2.62,2.4,3.75,2.7,2.3,3.65,2.7,2.43,3.77,2.79,2.35,3.6,2.7,2.38,3.7,2.7,2.46,3.85,2.92,2.38,3.7,2.72,1.57,2.35,1.59,2.44,1.6,2.6,1.55,2.43,-0.25,2.02,1.77,2.12,1.79,2.16,1.81,2.09,1.78
N1,05/10/2019,19:45,Heerenveen,Zwolle,1,0,H,1,0,H,18,9,5,2,9,11,10,10,0,1,0,0,1.61,4.2,4.75,1.67,4.33,4.6,1.67,4,4.4,1.68,4.35,4.66,1.65,4.2,4.5,1.65,4.2,4.5,1.72,4.35,4.75,1.67,4.18,4.52,1.5,2.5,1.52,2.64,1.55,2.64,1.51,2.54,-0.75,1.87,2.03,1.88,2.02,1.89,2.05,1.85,2,1.53,4.5,5.25,1.5,4.75,5.75,1.5,4.45,5.3,1.59,4.59,5.2,1.55,4.4,5,1.55,4.5,5,1.62,4.75,5.75,1.55,4.55,5.18,1.44,2.7,1.46,2.83,1.48,2.9,1.45,2.72,-1,1.96,1.94,1.96,1.93,2.03,2.08,1.93,1.93
N1,06/10/2019,11:15,Den Haag,Ajax,0,2,A,0,1,A,9,17,1,7,9,15,5,6,3,2,0,0,17,9,1.12,20,9.5,1.12,15,8.5,1.12,19.97,10.27,1.12,19,9,1.1,18,9.5,1.1,23,10.27,1.14,18.12,9.42,1.11,1.2,4.33,1.21,4.65,1.21,4.75,1.2,4.36,2.5,1.99,1.91,2,1.86,2.03,1.95,1.98,1.88,17,9,1.12,19,9.5,1.12,17,8.8,1.1,21.42,10.9,1.1,23,9.5,1.08,23,11,1.07,28,11,1.13,20.42,9.97,1.1,1.18,4.5,1.18,4.97,1.22,5,1.19,4.54,2.75,1.98,1.92,1.97,1.91,2,1.99,1.93,1.92
N1,06/10/2019,13:30,For Sittard,Feyenoord,4,2,H,3,1,H,11,20,8,6,9,10,2,12,3,2,0,0,7.5,5,1.36,7,5.25,1.4,6.6,5.2,1.36,7.29,5.45,1.39,7,5.25,1.36,7,5.4,1.36,7.5,5.7,1.43,6.95,5.3,1.37,1.36,3.1,1.37,3.2,1.4,3.3,1.36,3.11,1.5,1.89,2.01,1.85,2.05,1.92,2.05,1.86,2,10,5.75,1.25,9.5,5.75,1.3,7.7,5.6,1.3,8.81,6.65,1.28,8.5,6,1.27,9.5,6.25,1.25,10,6.7,1.33,8.85,6.16,1.28,1.3,3.5,1.32,3.54,1.36,3.55,1.32,3.33,1.75,1.99,1.91,2,1.9,2.02,2.04,1.95,1.91
N1,06/10/2019,15:45,PSV Eindhoven,VVV Venlo,4,1,H,0,0,D,20,10,6,3,8,10,5,5,0,1,0,0,1.1,9,21,1.11,9.5,21,1.11,8.3,16.5,1.11,9.89,24.73,1.1,8.5,23,1.09,9.5,21,1.13,10,26,1.11,9.17,21.1,1.28,3.6,1.28,3.82,1.31,3.85,1.28,3.6,-2.5,1.96,1.94,1.91,1.95,1.97,1.97,1.92,1.93,1.1,9,21,1.14,8.5,18.5,1.17,7,12.5,1.16,7.89,16.77,1.12,7.5,19,1.14,8,15,1.18,9,21,1.15,7.86,16.16,1.3,3.5,1.3,3.59,1.34,3.6,1.3,3.42,-2.25,2.02,1.88,1.98,1.9,2.04,1.93,1.98,1.88
N1,06/10/2019,15:45,Willem II,AZ Alkmaar,1,1,D,1,1,D,16,18,4,7,10,10,5,8,0,6,0,1,4.2,4,1.72,4.4,3.8,1.78,4.15,3.8,1.73,4.26,4.14,1.78,4.2,3.9,1.75,4.3,3.9,1.73,4.4,4.14,1.82,4.23,3.92,1.76,1.65,2.2,1.67,2.28,1.7,2.29,1.66,2.2,0.75,1.88,2.02,1.88,2.02,1.91,2.04,1.87,1.99,4.33,4,1.7,4.5,3.9,1.75,4.4,3.75,1.7,4.28,4.12,1.79,4.4,3.9,1.7,4.5,3.8,1.73,4.75,4.12,1.8,4.36,3.9,1.75,1.8,2,1.84,2.04,1.85,2.1,1.79,2.02,0.75,1.9,2,1.87,2.03,1.95,2.03,1.87,1.98
N1,19/10/2019,17:30,AZ Alkmaar,Heerenveen,2,4,A,1,3,A,17,12,8,8,7,9,9,4,2,1,0,0,1.53,4.33,5.5,1.6,4.2,5.25,1.55,4.2,5.2,1.59,4.25,5.76,1.53,4.2,5.5,1.53,4.33,5.5,1.6,4.4,5.9,1.56,4.23,5.42,1.53,2.4,1.55,2.56,1.58,2.56,1.54,2.44,-1,1.94,1.96,1.97,1.93,1.97,1.99,1.94,1.92,1.4,4.75,7.5,1.45,4.6,7,1.42,4.5,6.4,1.42,5.02,7.31,1.38,4.75,7.5,1.4,4.8,7.5,1.45,5.02,7.9,1.41,4.79,7.15,1.57,2.35,1.57,2.49,1.61,2.5,1.56,2.39,-1.25,1.91,1.99,1.91,1.99,1.97,2,1.9,1.96
N1,19/10/2019,17:30,Waalwijk,Ajax,1,2,A,0,0,D,14,19,5,7,8,10,4,6,1,0,0,0,26,13,1.05,29,13,1.07,21,10,1.07,29.56,13.69,1.07,29,12,1.05,26,13,1.06,34,14,1.08,27.04,12.35,1.06,1.16,5,1.16,5.18,1.17,5.5,1.16,4.95,3,1.99,1.91,1.94,1.92,2.02,1.94,1.96,1.89,26,13,1.05,29,13,1.07,23,10.5,1.06,32.95,15.38,1.06,29,13,1.04,29,13,1.05,36,15.38,1.08,28.9,13.33,1.06,1.14,5.5,1.14,5.92,1.16,6.5,1.13,5.55,3.25,1.9,2,1.92,1.97,1.92,2.02,1.88,1.98
N1,19/10/2019,18:45,Twente,Willem II,0,1,A,0,1,A,11,11,3,4,13,11,9,4,2,5,0,0,2.37,3.6,2.55,2.3,3.75,2.85,2.35,3.45,2.7,2.44,3.87,2.72,2.35,3.6,2.7,2.45,3.6,2.63,2.47,3.87,2.85,2.39,3.63,2.72,1.66,2.15,1.65,2.33,1.71,2.33,1.65,2.22,0,1.89,2.01,1.84,2.06,1.91,2.14,1.83,2.04,2.5,3.6,2.45,2.55,3.7,2.55,2.35,3.5,2.7,2.63,3.72,2.59,2.55,3.6,2.5,2.6,3.6,2.5,2.66,3.72,2.7,2.57,3.61,2.54,1.65,2.2,1.67,2.28,1.71,2.31,1.65,2.23,0,1.98,1.92,1.96,1.93,2.01,1.96,1.95,1.92
N1,19/10/2019,19:45,Utrecht,PSV Eindhoven,3,0,H,0,0,D,17,6,4,1,10,11,6,2,0,1,0,2,3.2,4,2.05,3.4,3.7,2.05,3.2,3.6,2.05,3.43,3.59,2.15,3.3,3.6,2.05,3.2,3.8,2.05,3.65,4,2.15,3.34,3.59,2.08,1.57,2.35,1.61,2.42,1.61,2.48,1.57,2.36,0.25,2,1.8,2.03,1.87,2.09,1.87,2.03,1.82,3.3,4,2,3.4,3.7,2.05,3.2,3.7,2,3.38,3.92,2.07,3.3,3.7,2,3.3,3.8,2,3.55,4,2.11,3.33,3.75,2.04,1.57,2.35,1.6,2.42,1.65,2.45,1.58,2.35,0.25,2.07,1.72,2.09,1.81,2.14,1.84,2.08,1.79
N1,19/10/2019,19:45,VVV Venlo,Vitesse,0,4,A,0,3,A,15,15,4,7,9,12,6,3,2,0,0,0,4.5,4,1.7,4.4,3.9,1.78,4.25,3.8,1.73,4.55,3.89,1.79,4.33,3.8,1.73,4.3,3.9,1.73,4.75,4.05,1.81,4.36,3.86,1.75,1.61,2.25,1.63,2.35,1.65,2.41,1.6,2.31,0.75,1.9,2,1.88,2.01,1.92,2.05,1.87,1.98,4.2,4,1.75,4.4,3.9,1.78,4.1,3.8,1.75,4.44,3.85,1.81,4.33,3.8,1.73,4.1,3.8,1.8,4.75,4.05,1.84,4.26,3.84,1.78,1.65,2.2,1.64,2.35,1.67,2.35,1.62,2.28,0.75,1.83,2.07,1.85,2.05,1.9,2.08,1.84,2.02
N1,20/10/2019,11:15,Zwolle,Den Haag,3,1,H,1,1,D,13,14,4,1,16,15,1,8,4,2,0,0,1.9,3.8,3.6,1.91,3.8,3.75,1.97,3.7,3.3,2.02,3.88,3.56,1.95,3.75,3.4,1.95,3.8,3.4,2.07,3.95,3.75,1.98,3.78,3.44,1.5,2.5,1.54,2.57,1.55,2.63,1.52,2.5,-0.5,2.02,1.88,2.02,1.88,2.04,1.91,1.99,1.86,2.15,3.6,3.1,2.15,3.6,3.25,2.15,3.65,2.95,2.22,3.63,3.24,2.15,3.7,3,2.15,3.7,3,2.33,3.9,3.25,2.2,3.62,3.06,1.53,2.4,1.54,2.57,1.56,2.65,1.52,2.5,-0.25,1.98,1.92,1.93,1.96,2.01,1.96,1.94,1.91
N1,20/10/2019,13:30,FC Emmen,For Sittard,2,1,H,0,1,A,14,17,3,8,12,12,2,7,2,4,0,0,1.75,4.2,4,1.75,4.25,4.1,1.77,4,3.75,1.76,4.37,4.14,1.75,4.2,3.9,1.75,4.1,3.9,1.89,4.37,4.2,1.77,4.16,3.94,1.4,2.87,1.4,3.05,1.44,3.05,1.4,2.89,-0.75,2,1.9,1.98,1.92,2.02,1.92,1.97,1.88,1.65,4.33,4.5,1.65,4.6,4.4,1.65,4.25,4.25,1.64,4.79,4.54,1.63,4.33,4.4,1.62,4.5,4.5,1.77,4.79,4.7,1.66,4.43,4.36,1.36,3.1,1.37,3.24,1.42,3.25,1.37,3.02,-0.75,1.82,2.08,1.79,2.11,1.91,2.14,1.81,2.06
N1,20/10/2019,13:30,Groningen,Sparta Rotterdam,2,0,H,0,0,D,15,10,4,4,9,11,4,5,0,3,0,1,2.15,3.5,3.2,2.15,3.6,3.25,2.05,3.5,3.25,2.11,3.87,3.3,2.05,3.7,3.2,2.05,3.6,3.25,2.17,3.87,3.4,2.09,3.64,3.25,1.7,2.1,1.71,2.21,1.74,2.24,1.69,2.15,-0.25,1.85,2.05,1.85,2.05,1.89,2.07,1.83,2.02,2,3.6,3.5,2.1,3.6,3.4,2.05,3.4,3.3,2.11,3.76,3.39,2.05,3.6,3.25,2.1,3.5,3.3,2.17,3.76,3.6,2.08,3.58,3.34,1.85,1.95,1.86,2.02,1.92,2.05,1.84,1.97,-0.25,1.86,2.04,1.84,2.06,1.88,2.08,1.83,2.04
N1,20/10/2019,15:45,Feyenoord,Heracles,1,1,D,1,0,H,17,7,6,2,11,10,7,6,3,3,0,0,1.4,5.25,6.5,1.42,5,7,1.41,4.75,6.2,1.44,5.02,6.74,1.4,4.8,7,1.36,5.2,7,1.48,5.25,7.1,1.42,4.92,6.61,1.4,2.87,1.39,3.13,1.44,3.13,1.39,2.92,-1.25,1.9,2,1.91,1.99,1.94,2.04,1.88,1.97,1.3,5.75,8.5,1.3,6,8.5,1.3,5.5,7.8,1.34,5.68,8.19,1.3,5.5,8.5,1.29,6,8.5,1.38,6,9.5,1.31,5.68,8.2,1.33,3.4,1.34,3.37,1.37,3.4,1.34,3.22,-1.5,1.83,2.07,1.86,2.04,1.89,2.08,1.84,2.02
N1,25/10/2019,19:00,Twente,FC Emmen,4,1,H,3,0,H,17,10,8,3,17,13,3,2,0,3,0,0,1.75,4.2,4,1.75,4,4.33,1.75,3.85,4,1.81,4.02,4.28,1.75,3.8,4.2,1.8,3.9,4,1.86,4.2,4.38,1.77,3.94,4.14,1.53,2.4,1.55,2.55,1.59,2.55,1.55,2.43,-0.75,2.05,1.85,2.03,1.86,2.06,1.87,2.01,1.84,1.85,4,3.6,1.85,3.8,4,1.87,3.75,3.55,1.96,3.83,3.81,1.88,3.7,3.7,1.93,3.8,3.5,1.98,4,4,1.91,3.8,3.67,1.57,2.35,1.57,2.49,1.6,2.49,1.55,2.39,-0.5,1.97,1.93,1.96,1.94,1.98,1.97,1.93,1.92
N1,26/10/2019,17:30,Willem II,Waalwijk,2,1,H,2,1,H,19,10,5,1,5,13,4,3,0,1,0,0,1.4,4.5,7,1.45,4.6,7,1.45,4.45,6.1,1.49,4.4,7.15,1.42,4.5,7,1.44,4.6,6.5,1.49,4.75,7.2,1.45,4.48,6.65,1.53,2.4,1.55,2.54,1.56,2.6,1.53,2.47,-1.25,1.99,1.91,2.03,1.87,2.03,1.93,1.99,1.86,1.53,4.2,6,1.48,4.5,6.5,1.5,4.3,5.4,1.54,4.37,6.25,1.52,4.2,5.8,1.53,4.4,5.5,1.58,4.65,7,1.51,4.35,5.96,1.5,2.5,1.53,2.6,1.56,2.6,1.51,2.51,-1,1.92,1.98,1.89,2.01,1.93,2.22,1.86,1.99
N1,26/10/2019,18:45,For Sittard,VVV Venlo,4,1,H,2,0,H,10,17,5,6,10,12,1,13,0,3,0,0,2.3,3.4,2.9,2.4,3.4,2.95,2.3,3.6,2.75,2.37,3.88,2.82,2.3,3.7,2.75,2.3,3.7,2.8,2.45,3.88,2.95,2.33,3.67,2.79,1.57,2.35,1.6,2.43,1.62,2.48,1.59,2.34,-0.25,2.07,1.83,2.08,1.82,2.09,1.85,2.05,1.81,2.05,3.4,3.5,2.25,3.75,2.95,2.1,3.6,3,2.18,3.73,3.24,2.1,3.7,3.1,2.1,3.7,3.13,2.28,3.82,3.5,2.16,3.66,3.11,1.57,2.35,1.59,2.46,1.63,2.46,1.58,2.36,-0.25,1.89,2.01,1.91,1.99,1.94,2.03,1.88,1.97
N1,26/10/2019,18:45,Vitesse,Den Haag,0,2,A,0,2,A,27,7,6,4,12,7,2,4,3,1,0,0,1.44,4.75,6.5,1.45,4.75,6.75,1.45,4.7,5.6,1.45,4.69,7.28,1.44,4.6,6.5,1.45,4.8,6,1.5,5.1,7.8,1.44,4.73,6.38,1.36,3.1,1.4,3.06,1.43,3.1,1.38,2.99,-1.25,2,1.9,2,1.9,2.02,1.95,1.96,1.89,1.4,4.75,7,1.44,4.75,7,1.42,4.8,6,1.42,5.01,7.17,1.4,4.8,7,1.4,5,6.5,1.49,5.2,7.4,1.41,4.87,6.75,1.36,3.1,1.39,3.1,1.44,3.1,1.38,2.97,-1.25,1.88,2.02,1.9,2,1.91,2.05,1.87,1.98
N1,26/10/2019,19:45,Heracles,Zwolle,4,0,H,1,0,H,22,17,12,6,17,12,7,7,0,1,0,0,1.65,4.2,4.5,1.67,4.2,4.33,1.65,4.05,4.4,1.71,4.16,4.68,1.67,4,4.5,1.67,4.2,4.4,1.74,4.25,5,1.68,4.11,4.48,1.5,2.5,1.52,2.63,1.54,2.7,1.5,2.56,-0.75,1.9,2,1.92,1.99,1.92,2.04,1.88,1.98,1.75,3.75,3.8,1.75,4,4.33,1.83,3.8,3.75,1.76,4.01,4.57,1.75,3.8,4.2,1.75,4,4.1,1.93,4.1,4.6,1.8,3.86,4.09,1.47,2.6,1.52,2.63,1.55,2.69,1.5,2.57,-0.75,2.03,1.87,1.97,1.93,2.12,1.93,2.02,1.84
N1,27/10/2019,11:15,Heerenveen,Groningen,1,1,D,1,0,H,14,8,4,3,12,12,6,1,0,0,0,0,2,3.4,3.75,2.05,3.5,3.6,2,3.5,3.35,2.06,3.54,3.77,2,3.5,3.5,2,3.6,3.4,2.14,3.66,3.77,2.03,3.52,3.52,1.8,2,1.85,2.02,1.86,2.09,1.8,2.01,-0.25,1.72,2.07,1.77,2.14,1.8,2.19,1.76,2.11,2.05,3.3,3.6,2.1,3.4,3.6,2.1,3.4,3.2,2.16,3.48,3.5,2.1,3.4,3.3,2.1,3.5,3.25,2.25,3.6,3.6,2.14,3.41,3.38,1.8,2,1.85,2.04,1.9,2.04,1.83,1.98,-0.25,1.9,2,1.87,2.03,1.92,2.06,1.86,2
N1,27/10/2019,13:30,PSV Eindhoven,AZ Alkmaar,0,4,A,0,2,A,6,16,0,6,9,11,1,3,0,1,1,0,1.75,3.6,4.5,1.8,3.8,4.33,1.8,3.7,4,1.81,3.74,4.58,1.78,3.6,4.4,1.8,3.75,4,1.86,3.8,4.75,1.8,3.65,4.33,1.61,2.25,1.65,2.33,1.68,2.35,1.63,2.27,-0.75,2.07,1.83,2.06,1.85,2.13,1.86,2.04,1.82,2,3.5,3.6,2.05,3.5,3.6,2.05,3.45,3.3,2.07,3.59,3.67,2.05,3.4,3.5,2.05,3.5,3.5,2.2,3.6,3.9,2.05,3.48,3.53,1.75,2.05,1.8,2.08,1.83,2.17,1.75,2.07,-0.25,1.72,2.07,1.79,2.12,1.87,2.16,1.78,2.09
N1,27/10/2019,13:30,Sparta Rotterdam,Utrecht,1,2,A,1,2,A,15,10,1,3,11,8,7,4,2,1,0,0,3.5,3.5,2.05,3.2,3.8,2.1,3.05,3.7,2.05,3.28,3.99,2.09,3.1,3.8,2.05,3.1,3.8,2.05,3.5,4,2.15,3.15,3.79,2.08,1.5,2.5,1.53,2.6,1.55,2.63,1.51,2.5,0.25,2.02,1.88,2.06,1.83,2.06,1.9,2.01,1.84,3.6,3.5,2,3.2,3.8,2.1,3.1,3.7,2.05,3.32,3.97,2.08,3.2,3.8,2.05,3.2,3.8,2.05,3.6,4.05,2.12,3.24,3.81,2.06,1.53,2.4,1.55,2.55,1.55,2.63,1.52,2.48,0.25,2.05,1.75,2.08,1.83,2.11,1.85,2.05,1.8
N1,27/10/2019,15:45,Ajax,Feyenoord,4,0,H,4,0,H,19,4,12,0,9,15,6,4,0,0,0,0,1.22,6.25,11,1.28,6.25,9.25,1.28,5.7,8.1,1.27,6.41,10.1,1.27,5.8,9.5,1.25,6,9.5,1.31,6.5,11,1.27,6.07,9.11,1.33,3.4,1.32,3.5,1.35,3.55,1.32,3.31,-1.75,1.96,1.94,1.97,1.93,1.98,1.96,1.94,1.91,1.22,6,9,1.25,6.75,10,1.21,6.6,9.8,1.23,7.35,10.68,1.22,6.5,10,1.2,7,11.5,1.28,7.4,11.5,1.22,6.9,10.36,1.22,4.2,1.25,4.14,1.3,4.33,1.25,3.89,-2,1.92,1.98,1.92,1.98,2.06,2,1.91,1.94
N1,01/11/2019,19:00,Zwolle,Ajax,2,4,A,1,3,A,11,20,5,7,10,13,2,4,3,1,0,0,17,9,1.12,18.5,9.5,1.12,13,7.9,1.15,18.23,9.48,1.14,17,8,1.12,17,9,1.12,21,9.6,1.17,16.18,8.87,1.13,1.2,4.33,1.23,4.36,1.23,4.75,1.2,4.33,2.5,1.9,2,1.9,2,1.93,2.02,1.89,1.97,17,9,1.12,16,8.5,1.15,12.5,7.7,1.15,14.86,9.12,1.16,15,8,1.14,15,9,1.13,21,9.35,1.18,15.11,8.55,1.14,1.2,4.33,1.19,4.89,1.22,4.89,1.2,4.37,2.5,1.88,2.02,1.91,1.99,1.91,2.05,1.86,2.01
N1,02/11/2019,17:30,Waalwijk,Heracles,2,0,H,1,0,H,21,12,8,5,18,14,7,2,5,3,0,0,3.25,3.6,2.1,3.3,3.7,2.1,2.95,3.7,2.1,3.2,3.84,2.16,3.1,3.8,2.05,3,3.8,2.15,3.3,4.05,2.3,3.08,3.74,2.14,1.47,2.6,1.5,2.69,1.5,2.8,1.47,2.65,0.25,1.99,1.91,2,1.9,2.01,1.94,1.96,1.89,3.3,3.6,2.05,3.1,3.75,2.15,3,3.85,2.05,3.15,4.07,2.12,3.1,3.9,2.05,3.1,4,2.05,3.3,4.1,2.18,3.06,3.9,2.1,1.36,3.1,1.39,3.13,1.44,3.13,1.39,2.93,0.25,2.02,1.88,2.02,1.88,2.05,1.91,1.99,1.86
N1,02/11/2019,18:45,Sparta Rotterdam,PSV Eindhoven,2,2,D,1,0,H,10,24,7,7,7,6,6,6,0,0,0,0,4,4,1.72,4.1,4,1.8,3.85,3.9,1.77,4.2,4.03,1.82,4,3.9,1.78,3.9,4,1.8,4.2,4.1,1.85,3.99,3.93,1.8,1.47,2.6,1.51,2.66,1.52,2.72,1.48,2.6,0.75,1.86,2.04,1.85,2.04,1.89,2.08,1.84,2.01,4,4,1.8,4.25,3.8,1.8,3.95,3.8,1.77,4.38,3.89,1.81,4.2,3.7,1.78,4,3.8,1.8,4.4,4,1.85,4.16,3.84,1.79,1.65,2.2,1.68,2.26,1.72,2.33,1.66,2.21,0.75,1.75,2.05,1.85,2.05,1.88,2.13,1.82,2.04
N1,02/11/2019,19:45,AZ Alkmaar,Twente,3,0,H,1,0,H,33,3,11,2,8,6,13,0,0,1,0,1,1.28,5.75,10,1.3,5.75,9.5,1.3,5.3,8.5,1.3,5.76,10.15,1.27,5.5,9.5,1.25,5.75,10.5,1.36,5.9,10.5,1.29,5.59,9.33,1.44,2.7,1.45,2.86,1.49,2.86,1.46,2.68,-1.75,2.02,1.77,2.05,1.85,2.1,1.89,2.04,1.82,1.2,6.5,13,1.2,7,13,1.23,6.2,9.7,1.24,6.36,11.31,1.22,6.5,11,1.2,7,11.5,1.27,7,14,1.22,6.53,11.22,1.33,3.4,1.34,3.35,1.36,3.4,1.33,3.19,-2,2.09,1.81,2.1,1.79,2.13,1.93,2.04,1.82
N1,03/11/2019,11:15,FC Emmen,Vitesse,2,1,H,2,1,H,21,13,7,3,8,11,8,6,1,2,0,0,4,4,1.75,4.1,4.1,1.78,3.85,3.9,1.77,4.13,4,1.84,3.9,3.9,1.78,3.8,4,1.8,4.13,4.2,1.89,3.91,3.98,1.8,1.44,2.7,1.47,2.81,1.52,2.86,1.45,2.72,0.75,1.85,2.05,1.85,2.05,1.87,2.07,1.83,2.03,4,3.8,1.8,4,4.2,1.78,3.65,3.9,1.83,3.96,4.14,1.85,3.8,4,1.8,3.7,4.1,1.8,4.33,4.2,1.93,3.83,4.05,1.82,1.44,2.7,1.43,2.95,1.52,2.95,1.43,2.76,0.75,1.77,2.02,1.84,2.06,1.85,2.12,1.81,2.05
N1,03/11/2019,13:30,Groningen,Willem II,2,0,H,1,0,H,16,5,10,0,7,14,5,2,2,2,0,0,1.95,3.6,3.5,2,3.7,3.6,2,3.35,3.45,2.06,3.62,3.67,2,3.5,3.5,2,3.4,3.6,2.19,3.75,3.67,2.04,3.51,3.5,2,1.8,2.03,1.85,2.04,1.93,1.96,1.85,-0.25,1.77,2.14,1.78,2.13,1.83,2.17,1.78,2.1,2,3.6,3.4,2.05,3.5,3.6,2,3.3,3.65,2.14,3.41,3.65,2.05,3.4,3.5,2.05,3.4,3.5,2.18,3.6,3.75,2.06,3.41,3.57,2.05,1.75,2.13,1.76,2.13,1.85,2.04,1.78,-0.25,1.8,2,1.84,2.06,1.84,2.14,1.8,2.07
N1,03/11/2019,13:30,Utrecht,For Sittard,6,0,H,3,0,H,15,2,8,1,8,15,8,1,0,2,0,0,1.16,7.5,13,1.18,7.75,14,1.18,6.9,11,1.19,7.39,13.44,1.17,7,15,1.15,7.5,15,1.22,7.8,15.25,1.18,7.3,12.71,1.28,3.6,1.26,3.82,1.3,3.95,1.27,3.64,-2.25,2.05,1.85,2.06,1.8,2.08,1.89,2.04,1.82,1.3,6,8.5,1.26,6.5,10,1.3,5.7,7.6,1.28,6.14,9.63,1.27,5.8,9,1.29,6,8.5,1.33,6.5,10.5,1.29,6.07,8.81,1.33,3.4,1.29,3.64,1.33,3.7,1.3,3.44,-1.75,2.07,1.83,2.04,1.84,2.12,1.93,2.01,1.85
N1,03/11/2019,13:30,VVV Venlo,Feyenoord,0,3,A,0,2,A,10,12,0,6,14,9,2,5,3,1,1,0,6,4.5,1.5,5.5,4.6,1.53,5.3,4.5,1.5,5.96,5,1.49,5.8,4.6,1.47,6,4.75,1.45,6.1,5,1.54,5.64,4.72,1.49,1.44,2.7,1.48,2.77,1.5,2.79,1.46,2.68,1.25,1.77,2.02,1.87,2.03,1.89,2.09,1.84,2.02,6.5,4.5,1.45,6,4.6,1.5,5.3,4.4,1.5,5.62,4.82,1.53,5.5,4.5,1.5,5.5,4.6,1.5,6.5,4.95,1.56,5.57,4.64,1.51,1.47,2.6,1.49,2.71,1.52,2.79,1.48,2.61,1,2.02,1.88,2.04,1.85,2.1,1.9,2.03,1.83
N1,03/11/2019,15:45,Den Haag,Heerenveen,1,1,D,0,0,D,7,17,2,4,13,7,4,8,3,0,0,0,3.1,3.6,2.15,3.2,3.5,2.2,2.9,3.65,2.15,3.06,3.94,2.2,3,3.75,2.15,2.9,3.8,2.15,3.2,4.1,2.23,2.96,3.76,2.18,1.53,2.4,1.54,2.56,1.55,2.63,1.52,2.49,0.25,1.95,1.95,1.96,1.94,1.98,1.97,1.92,1.92,3.1,3.7,2.1,3,3.75,2.2,2.95,3.7,2.15,3.12,3.81,2.21,3,3.7,2.15,2.9,3.75,2.2,3.18,3.95,2.28,3,3.75,2.18,1.53,2.4,1.54,2.58,1.55,2.58,1.51,2.49,0.25,1.93,1.97,1.96,1.94,1.96,1.98,1.92,1.93
N1,08/11/2019,19:00,Vitesse,Groningen,1,2,A,0,2,A,31,13,8,6,11,12,9,2,1,2,0,0,1.9,3.6,3.8,2,3.5,3.8,1.93,3.4,3.75,1.97,3.58,4.06,1.91,3.4,3.9,1.93,3.6,3.75,2.01,3.85,4.2,1.95,3.48,3.88,1.8,2,1.88,2,1.91,2.1,1.84,1.96,-0.5,1.97,1.93,1.97,1.93,2,1.96,1.96,1.9,2.05,3.6,3.3,2,3.5,3.8,1.97,3.35,3.7,2.13,3.38,3.72,2.05,3.25,3.6,2.1,3.4,3.4,2.17,3.75,4.2,2.06,3.37,3.64,1.95,1.85,1.93,1.95,1.99,2.02,1.9,1.91,-0.25,1.85,2.05,1.83,2.08,1.87,2.18,1.81,2.06
N1,09/11/2019,17:30,Heerenveen,Sparta Rotterdam,2,1,H,0,1,A,17,13,4,3,6,14,6,6,0,1,0,0,2,3.75,3.4,2.1,3.75,3.3,2,3.65,3.2,2.08,3.69,3.52,2,3.7,3.3,2,3.75,3.4,2.1,3.96,3.52,2.04,3.73,3.32,1.57,2.35,1.62,2.39,1.67,2.55,1.56,2.4,-0.5,2.05,1.85,2.08,1.82,2.09,1.87,2.04,1.82,2,3.75,3.4,2,3.75,3.5,1.97,3.65,3.35,1.99,3.83,3.72,1.91,3.75,3.6,1.95,3.75,3.5,2.06,3.96,3.72,1.97,3.74,3.52,1.57,2.35,1.59,2.44,1.66,2.55,1.55,2.42,-0.5,1.98,1.92,1.99,1.91,2.03,1.93,1.98,1.88
N1,09/11/2019,18:45,For Sittard,Den Haag,1,0,H,1,0,H,15,13,8,6,14,14,8,3,1,6,0,0,2.37,3.5,2.8,2.35,3.8,2.75,2.35,3.7,2.6,2.42,3.83,2.78,2.35,3.6,2.7,2.3,3.75,2.7,2.45,4,2.8,2.36,3.74,2.71,1.5,2.5,1.54,2.57,1.54,2.74,1.5,2.55,-0.25,2.1,1.8,2.12,1.79,2.13,1.83,2.08,1.79,2.37,3.5,2.8,2.35,3.8,2.75,2.4,3.65,2.55,2.55,3.8,2.64,2.45,3.6,2.6,2.5,3.75,2.5,2.58,3.95,2.88,2.44,3.7,2.63,1.53,2.4,1.53,2.59,1.56,2.74,1.52,2.5,0,1.92,1.98,1.92,1.98,1.96,2.09,1.88,1.99
N1,09/11/2019,19:45,Heracles,VVV Venlo,6,1,H,2,0,H,24,9,12,3,10,10,9,1,2,2,0,0,1.57,4.2,5.5,1.62,4.33,5,1.57,4.2,4.75,1.63,4.35,5.17,1.57,4.2,5,1.57,4.3,5,1.68,4.5,5.5,1.6,4.26,4.95,1.53,2.4,1.55,2.55,1.56,2.82,1.52,2.49,-1,2.05,1.85,2.05,1.85,2.17,1.87,2.03,1.83,1.61,4,5,1.62,4.33,5,1.6,4.1,4.75,1.65,4.27,5.07,1.6,4.2,5,1.62,4.2,4.8,1.66,4.5,5.25,1.62,4.21,4.92,1.53,2.4,1.56,2.5,1.59,2.7,1.54,2.44,-1,2.1,1.8,2.1,1.81,2.13,1.87,2.06,1.8
N1,10/11/2019,11:15,Ajax,Utrecht,4,0,H,3,0,H,22,4,15,0,8,9,9,2,0,0,0,0,1.16,8,12,1.22,6.75,11.5,1.23,6.5,8.8,1.22,6.9,11.54,1.22,6.5,11,1.22,6.5,10,1.26,8,12,1.22,6.81,10.21,1.25,4,1.26,3.9,1.29,4,1.25,3.78,-2,2.02,1.88,1.97,1.89,2.04,1.95,1.97,1.88,1.2,6.5,9.5,1.26,6.75,9.5,1.25,6.2,8.8,1.25,6.75,10.08,1.22,6.5,10,1.22,6.5,10.5,1.28,7.4,11,1.24,6.62,9.81,1.28,3.6,1.27,3.8,1.32,3.81,1.29,3.52,-1.75,1.83,2.07,1.82,2.06,1.88,2.09,1.82,2.04
N1,10/11/2019,13:30,Twente,Zwolle,2,1,H,2,0,H,10,12,6,4,17,5,7,6,0,3,0,0,2,3.75,3.5,2.05,3.8,3.4,2,3.7,3.2,2.04,3.82,3.56,2,3.7,3.3,2,3.8,3.25,2.08,4,3.8,2.02,3.74,3.37,1.5,2.5,1.58,2.47,1.63,2.65,1.52,2.49,-0.5,2.04,1.86,2.04,1.86,2.06,1.89,2.02,1.84,1.9,3.8,3.6,2,3.8,3.5,1.93,3.75,3.4,1.94,4.06,3.68,1.91,3.8,3.5,1.93,3.8,3.5,2.02,4.1,3.68,1.95,3.83,3.52,1.47,2.6,1.51,2.68,1.55,2.69,1.49,2.57,-0.5,1.95,1.95,1.94,1.96,2,1.97,1.94,1.91
N1,10/11/2019,13:30,Willem II,PSV Eindhoven,2,1,H,1,0,H,13,14,5,6,15,13,3,4,1,5,0,0,4.5,3.75,1.72,4.5,3.9,1.75,4.05,3.75,1.77,4.54,3.92,1.78,4.33,3.75,1.75,4.2,3.9,1.73,4.89,4.1,1.83,4.3,3.86,1.76,1.65,2.2,1.67,2.28,1.71,2.44,1.66,2.2,0.75,1.88,2.02,1.88,2.02,1.91,2.05,1.86,1.99,4,3.6,1.85,4.25,3.9,1.8,3.6,3.5,1.95,4.01,3.75,1.93,3.8,3.6,1.88,3.75,3.7,1.9,4.25,3.95,2.03,3.87,3.66,1.91,1.75,2.05,1.77,2.13,1.83,2.25,1.73,2.09,0.5,1.96,1.94,1.97,1.93,2,1.97,1.94,1.91
N1,10/11/2019,15:45,Feyenoord,Waalwijk,3,2,H,2,2,D,24,10,9,4,12,14,5,4,3,3,0,1,1.16,8,12,1.2,7.5,12,1.2,6.9,9.9,1.18,7.71,14.58,1.18,7,12,1.17,7.5,13,1.23,8.3,15,1.19,7.55,11.86,1.25,4,1.27,3.75,1.36,4.1,1.25,3.81,-2,1.84,2.06,1.85,2.02,1.87,2.18,1.82,2.04,1.16,8,12,1.2,7.5,12,1.2,6.8,10.5,1.19,7.3,13.55,1.18,7,12,1.17,7.5,13,1.22,8,15,1.19,7.36,12.21,1.25,4,1.27,3.82,1.3,4.2,1.25,3.86,-2,1.84,2.06,1.87,2.01,1.87,2.17,1.83,2.04
N1,10/11/2019,19:00,AZ Alkmaar,FC Emmen,3,0,H,2,0,H,20,8,11,2,10,9,8,0,0,2,0,0,1.2,7,12,1.22,6.75,11.5,1.2,6.5,11,1.2,7,13.76,1.18,7,13,1.18,7,13,1.26,7.3,13.76,1.2,6.88,12.02,1.36,3.1,1.35,3.21,1.46,3.35,1.36,3.1,-2,1.93,1.97,1.93,1.93,1.96,2,1.93,1.93,1.18,7,13,1.18,7.5,14,1.17,7.2,13,1.19,7.36,14.14,1.17,7,15,1.2,7,12,1.21,7.9,16.5,1.18,7.38,13.98,1.3,3.5,1.3,3.62,1.35,3.7,1.3,3.46,-2.25,1.97,1.93,1.96,1.92,2.02,1.96,1.97,1.89
N1,23/11/2019,17:30,Utrecht,AZ Alkmaar,0,3,A,0,2,A,17,9,1,7,8,17,4,1,1,2,0,0,3.1,3.5,2.2,2.85,3.7,2.35,2.85,3.5,2.25,2.98,3.7,2.33,2.88,3.6,2.25,2.9,3.6,2.25,3.1,3.78,2.35,2.91,3.59,2.28,1.66,2.15,1.71,2.21,1.74,2.3,1.67,2.18,0.25,1.88,2.02,1.86,2.03,1.92,2.04,1.86,1.99,3.3,3.6,2.05,3.2,3.7,2.15,3.05,3.6,2.1,3.19,3.92,2.14,3.1,3.7,2.1,3.13,3.7,2.1,3.3,3.92,2.31,3.12,3.7,2.14,1.61,2.25,1.63,2.37,1.7,2.38,1.63,2.27,0.25,1.99,1.91,2.01,1.88,2.01,1.95,1.97,1.88
N1,23/11/2019,18:45,Ajax,Heracles,4,1,H,1,0,H,25,10,10,7,13,9,7,2,0,0,0,0,1.1,11,17,1.13,9.5,17.5,1.1,9.3,16,1.12,10,19.53,1.08,9.5,23,1.07,11,23,1.14,11,28,1.1,9.83,19.41,1.18,4.5,1.15,5.41,1.2,5.41,1.17,4.71,-2.75,1.93,1.97,1.9,1.96,1.99,1.99,1.91,1.93,1.08,13,21,1.07,13,26,1.07,10.5,21,1.09,11.89,22.97,1.06,11,26,1.06,12,23,1.1,13,35,1.08,11.47,24.13,1.14,5.5,1.13,6.27,1.17,6.5,1.14,5.28,-3,1.9,2,1.88,2,2.06,2.02,1.91,1.94
N1,23/11/2019,18:45,Zwolle,For Sittard,3,1,H,1,0,H,16,15,7,6,15,7,12,5,2,1,1,1,1.66,4,4.75,1.7,4.33,4.33,1.7,4.05,4.05,1.7,4.49,4.38,1.67,4.33,4.2,1.67,4.3,4.3,1.78,4.49,4.75,1.71,4.2,4.2,1.4,2.87,1.4,3.09,1.45,3.09,1.4,2.87,-0.75,1.9,2,1.88,2.01,1.94,2.03,1.89,1.96,1.61,4.5,4.5,1.75,4.5,4,1.63,4.25,4.35,1.67,4.54,4.58,1.63,4.2,4.5,1.62,4.4,4.5,1.75,4.55,4.85,1.65,4.4,4.43,1.4,2.87,1.4,3.08,1.41,3.25,1.38,2.97,-0.75,1.82,2.08,1.84,2.06,1.86,2.11,1.81,2.04
N1,23/11/2019,19:45,Den Haag,Willem II,3,3,D,0,2,A,20,20,9,10,10,14,3,6,1,2,0,0,2.9,3.5,2.3,2.85,3.7,2.35,2.8,3.5,2.25,2.89,3.89,2.32,2.88,3.6,2.25,2.88,3.6,2.3,3,3.89,2.45,2.87,3.66,2.28,1.65,2.2,1.67,2.28,1.7,2.31,1.65,2.22,0.25,1.85,2.05,1.86,2.04,1.9,2.1,1.85,2,2.6,3.5,2.45,2.7,3.7,2.45,2.65,3.4,2.45,2.76,3.54,2.57,2.7,3.4,2.5,2.63,3.5,2.5,2.94,3.77,2.65,2.66,3.52,2.5,1.8,2,1.83,2.05,1.86,2.26,1.76,2.05,0,2.02,1.88,2.02,1.88,2.2,1.94,1.99,1.87
N1,24/11/2019,11:15,Groningen,Feyenoord,1,1,D,0,1,A,16,12,1,6,11,15,8,5,2,1,0,0,3.25,3.4,2.15,3.3,3.5,2.15,3.1,3.55,2.1,3.22,3.81,2.16,3.1,3.7,2.1,3.13,3.6,2.1,3.35,3.81,2.23,3.15,3.6,2.15,1.66,2.15,1.68,2.26,1.77,2.26,1.69,2.16,0.25,1.99,1.91,2,1.9,2.01,1.93,1.96,1.89,3.1,3.4,2.25,3.1,3.5,2.25,2.9,3.35,2.25,2.97,3.65,2.36,2.9,3.5,2.3,2.9,3.5,2.3,3.15,3.75,2.38,2.96,3.5,2.29,1.8,2,1.85,2.04,1.88,2.1,1.8,2.01,0.25,1.84,2.06,1.85,2.06,1.89,2.07,1.83,2.03
N1,24/11/2019,13:30,PSV Eindhoven,Heerenveen,2,1,H,2,0,H,18,14,9,5,6,12,7,4,1,2,0,0,1.4,4.75,7,1.44,4.75,7,1.41,4.7,6.2,1.44,4.87,7.12,1.4,4.6,7,1.4,4.75,7,1.5,5,7.25,1.42,4.75,6.72,1.5,2.5,1.5,2.69,1.53,2.69,1.49,2.56,-1.25,1.93,1.97,1.93,1.97,1.96,1.99,1.91,1.94,1.3,5.25,9.5,1.34,5.25,8.75,1.32,5.2,7.6,1.33,5.84,8.47,1.3,5.5,8.5,1.3,5.5,8.5,1.37,5.9,9.8,1.32,5.44,8.34,1.36,3.1,1.36,3.27,1.47,3.27,1.4,2.89,-1.5,1.9,2,1.91,1.99,2,2.03,1.9,1.95
N1,24/11/2019,13:30,Waalwijk,FC Emmen,1,1,D,0,1,A,19,9,4,3,7,11,10,0,2,0,1,0,2.3,3.6,2.87,2.4,3.75,2.7,2.3,3.65,2.7,2.32,3.95,2.85,2.25,3.75,2.75,2.3,3.75,2.7,2.48,3.95,2.9,2.31,3.77,2.75,1.53,2.4,1.53,2.6,1.55,2.63,1.51,2.5,-0.25,2.07,1.83,2.05,1.85,2.13,1.86,2.04,1.81,1.9,3.75,3.6,1.95,3.9,3.6,1.95,3.85,3.25,2.01,4.17,3.36,2,3.9,3.25,1.95,3.9,3.4,2.05,4.17,3.6,1.98,3.96,3.32,1.47,2.6,1.5,2.69,1.53,2.69,1.5,2.55,-0.5,2.01,1.89,2.01,1.88,2.04,1.94,1.99,1.86
N1,24/11/2019,15:45,Sparta Rotterdam,Vitesse,2,0,H,1,0,H,15,13,5,6,13,7,2,5,2,0,0,0,2.5,3.6,2.6,2.55,3.75,2.55,2.4,3.65,2.55,2.62,3.63,2.65,2.5,3.7,2.5,2.45,3.7,2.55,2.62,3.9,2.65,2.5,3.65,2.58,1.5,2.5,1.54,2.56,1.55,2.63,1.51,2.5,0,1.91,1.99,1.94,1.96,1.99,2.03,1.89,1.96,2.3,3.6,2.87,2.45,3.75,2.65,2.3,3.6,2.7,2.3,3.89,2.92,2.25,3.7,2.8,2.25,3.7,2.88,2.61,3.93,2.98,2.31,3.72,2.8,1.47,2.6,1.5,2.7,1.52,2.72,1.49,2.56,-0.25,2.03,1.87,2.02,1.88,2.11,1.89,2.02,1.84
N1,24/11/2019,15:45,VVV Venlo,Twente,2,1,H,2,1,H,12,15,7,5,10,16,2,5,2,1,0,0,2.8,3.6,2.3,2.7,3.7,2.45,2.65,3.55,2.35,2.73,3.71,2.51,2.6,3.7,2.4,2.63,3.7,2.4,2.8,3.85,2.63,2.69,3.62,2.42,1.6,2.3,1.64,2.34,1.65,2.39,1.61,2.3,0,2.04,1.86,2.03,1.86,2.1,1.98,2.03,1.83,2.45,3.6,2.6,2.45,3.8,2.65,2.5,3.55,2.5,2.5,3.75,2.72,2.45,3.6,2.62,2.45,3.6,2.63,2.83,3.81,2.81,2.5,3.62,2.62,1.7,2.1,1.69,2.24,1.7,2.38,1.65,2.22,0,1.86,2.04,1.87,2.03,2.13,2.07,1.88,1.98
N1,29/11/2019,19:00,Heerenveen,Vitesse,3,2,H,1,2,A,17,19,8,9,13,11,8,5,2,2,0,0,2.15,3.5,3.2,2.25,3.5,3.1,2.2,3.5,2.95,2.26,3.51,3.24,2.2,3.4,3.1,2.2,3.6,3,2.3,3.83,3.24,2.22,3.49,3.1,1.57,2.35,1.61,2.4,1.63,2.48,1.58,2.35,-0.25,1.96,1.94,1.96,1.93,1.98,1.96,1.94,1.91,2.2,3.5,3.2,2.25,3.5,3.1,2.2,3.45,3,2.28,3.58,3.16,2.25,3.4,3,2.15,3.6,3.1,2.34,3.8,3.2,2.23,3.49,3.09,1.65,2.2,1.68,2.26,1.7,2.37,1.64,2.25,-0.25,1.98,1.92,1.98,1.92,1.99,1.96,1.94,1.91
N1,30/11/2019,17:30,Willem II,Sparta Rotterdam,4,0,H,3,0,H,12,10,7,3,4,16,6,4,0,2,0,0,2.05,3.75,3.25,2.05,3.7,3.4,2,3.6,3.3,2.06,3.81,3.5,2,3.6,3.4,2,3.75,3.4,2.14,4.1,3.5,2.03,3.69,3.35,1.57,2.35,1.61,2.41,1.63,2.52,1.59,2.34,-0.5,2.04,1.86,2.06,1.85,2.07,1.88,2.03,1.83,2.1,3.75,3.3,2.15,3.6,3.25,2.1,3.6,3.1,2.17,3.77,3.24,2.1,3.6,3.2,2.05,3.7,3.2,2.2,4,3.35,2.12,3.67,3.18,1.65,2.2,1.65,2.33,1.67,2.52,1.61,2.29,-0.25,1.87,2.03,1.9,2,1.91,2.06,1.86,1.99
N1,30/11/2019,18:45,For Sittard,Groningen,1,0,H,0,0,D,10,11,4,2,10,10,0,6,1,1,0,0,3.9,3.75,1.85,3.9,3.8,1.87,3.65,3.6,1.9,3.84,4.04,1.9,3.7,3.8,1.85,3.75,3.7,1.9,3.9,4.04,2.01,3.7,3.76,1.91,1.7,2.1,1.7,2.23,1.8,2.25,1.69,2.16,0.5,1.97,1.93,2,1.9,2.01,1.97,1.94,1.91,3.3,3.6,2.1,3.3,3.5,2.15,3.05,3.45,2.15,3.37,3.65,2.15,3.3,3.5,2.1,3.25,3.6,2.1,3.45,3.95,2.2,3.25,3.58,2.12,1.8,2,1.81,2.08,1.83,2.15,1.76,2.05,0.25,2.04,1.86,2.02,1.88,2.07,1.9,2,1.86
N1,30/11/2019,19:45,Heracles,Den Haag,4,0,H,2,0,H,12,7,4,2,11,8,3,1,2,0,0,0,1.55,4,5.5,1.55,4.5,5.5,1.57,4.2,4.95,1.6,4.38,5.42,1.55,4.33,5.25,1.55,4.4,5.2,1.67,4.6,5.5,1.58,4.31,5.12,1.47,2.6,1.49,2.71,1.54,2.72,1.48,2.59,-1,1.98,1.92,1.99,1.91,2.16,1.96,1.96,1.88,1.44,4.75,6,1.48,5,5.75,1.47,4.55,5.6,1.5,4.94,5.93,1.44,4.75,6,1.45,4.8,5.75,1.51,5,7.5,1.47,4.79,5.89,1.4,2.87,1.41,3.03,1.48,3.03,1.41,2.84,-1.25,2.04,1.86,2.05,1.85,2.07,1.92,2,1.85
N1,01/12/2019,11:15,Twente,Ajax,2,5,A,2,1,H,9,18,3,10,12,14,1,4,3,3,0,0,13,7.5,1.16,14.5,7.5,1.18,11.5,7.2,1.17,13.5,7.81,1.18,15,7,1.17,15,7.5,1.15,16,8.25,1.21,13.27,7.56,1.17,1.25,4,1.24,4.04,1.3,4.25,1.24,3.93,2.25,1.9,2,1.86,2,1.94,2.02,1.89,1.96,13,7.5,1.16,14.5,7.5,1.18,9.5,6.5,1.22,12.18,7.15,1.21,12,6.5,1.2,10.5,7,1.2,14.5,7.85,1.25,11.24,7.09,1.21,1.22,4.2,1.25,4.03,1.31,4.25,1.23,3.98,2,1.9,2,1.9,1.98,2.02,2.03,1.92,1.93
N1,01/12/2019,13:30,Utrecht,Waalwijk,0,1,A,0,0,D,13,11,4,3,8,15,4,9,3,1,0,0,1.25,6.5,9,1.28,6.25,9.25,1.28,5.8,8,1.29,6.48,8.34,1.27,5.8,9,1.25,6,9.5,1.33,6.5,11.01,1.27,6.1,8.91,1.33,3.4,1.32,3.38,1.36,3.45,1.33,3.25,-1.75,1.97,1.93,1.96,1.9,1.99,1.96,1.94,1.91,1.22,5.75,8.5,1.3,6.25,8.5,1.26,5.8,8.5,1.27,6.83,8.65,1.25,6,9.5,1.25,6.25,9.5,1.31,6.85,11,1.27,6.27,9,1.33,3.4,1.32,3.45,1.38,3.45,1.34,3.2,-1.75,1.94,1.96,1.92,1.97,1.97,1.97,1.92,1.93
N1,01/12/2019,15:45,AZ Alkmaar,VVV Venlo,1,0,H,1,0,H,25,4,8,1,11,7,10,0,2,0,0,0,1.14,8,15,1.15,8.5,17,1.15,7.3,15,1.15,8.17,16.75,1.14,7.5,17,1.13,8,18,1.18,8.6,20,1.15,7.86,16.57,1.36,3.1,1.36,3.16,1.45,3.22,1.37,3.01,-2.25,1.98,1.92,1.99,1.87,2,1.96,1.95,1.89,1.14,8,15,1.15,8.5,17,1.15,7.4,14.5,1.16,7.9,16.02,1.15,7.5,15,1.15,7.5,15,1.2,8.5,20,1.15,7.81,15.47,1.36,3.1,1.35,3.27,1.4,3.34,1.34,3.16,-2,1.82,1.97,1.81,2.07,1.87,2.32,1.77,2.1
N1,01/12/2019,15:45,Feyenoord,Zwolle,1,0,H,1,0,H,20,20,7,8,6,8,7,5,0,0,0,0,1.28,6,9,1.33,5.5,8.5,1.3,5.4,8.1,1.32,5.82,9.04,1.29,5.5,9,1.29,5.75,8.5,1.38,6,10,1.3,5.56,8.58,1.36,3.1,1.37,3.21,1.4,3.25,1.36,3.06,-1.5,1.84,2.06,1.85,2.05,1.88,2.09,1.83,2.03,1.28,6,8.5,1.3,5.75,9,1.3,5.5,7.9,1.31,5.93,9.12,1.29,5.5,9,1.29,6,8.5,1.35,6.25,9.2,1.3,5.75,8.58,1.33,3.4,1.35,3.34,1.42,3.4,1.34,3.17,-1.5,1.8,2,1.83,2.07,1.87,2.08,1.82,2.03
N1,01/12/2019,19:00,FC Emmen,PSV Eindhoven,1,1,D,0,1,A,12,13,2,4,18,11,1,7,3,4,1,0,7.5,5,1.36,7.75,5.25,1.36,6.4,4.9,1.4,7.04,5.16,1.42,7,5,1.38,7.5,5,1.36,7.75,5.25,1.48,6.85,5.01,1.39,1.44,2.7,1.44,2.9,1.49,2.95,1.43,2.77,1.25,2.04,1.86,2.01,1.88,2.06,1.9,2.01,1.85,6,4.5,1.5,6.25,5,1.45,5.4,4.65,1.47,5.68,4.85,1.52,5.8,4.6,1.47,5.75,4.75,1.45,7,5,1.53,5.84,4.81,1.47,1.4,2.87,1.4,3.09,1.45,3.12,1.4,2.89,1.25,1.83,2.07,1.83,2.08,1.9,2.11,1.85,2.01
N1,06/12/2019,19:15,Ajax,Willem II,0,2,A,0,1,A,29,9,6,4,9,6,12,3,1,1,0,0,1.08,10,23,1.1,10,23,1.13,8.1,14,1.13,9,18.07,1.12,8.5,17,1.11,9.5,17,1.15,10.5,24,1.12,9.22,18.32,1.22,4.2,1.22,4.41,1.3,4.41,1.22,4.08,-2.5,2,1.9,1.98,1.9,2.03,2.01,1.94,1.9,1.1,10,17,1.13,9.25,17.5,1.12,8.3,14,1.13,9.18,18.15,1.11,9,17,1.11,9.5,17,1.14,10,23,1.12,9.08,16.75,1.22,4.2,1.21,4.57,1.27,4.73,1.21,4.27,-2.5,1.99,1.91,1.96,1.93,2.02,1.95,1.95,1.89
N1,07/12/2019,17:30,Den Haag,Twente,0,0,D,0,0,D,9,8,3,2,19,13,8,7,2,2,0,0,2.3,3.5,2.9,2.35,3.5,2.95,2.35,3.55,2.65,2.41,3.71,2.85,2.35,3.6,2.7,2.38,3.7,2.7,2.46,4,2.95,2.36,3.63,2.76,1.57,2.35,1.56,2.51,1.59,2.8,1.55,2.41,-0.25,2.1,1.8,2.1,1.8,2.16,1.83,2.07,1.79,2.3,3.5,2.9,2.35,3.5,2.95,2.25,3.6,2.8,2.38,3.53,3.03,2.25,3.6,2.88,2.3,3.7,2.8,2.48,3.85,3.03,2.32,3.58,2.86,1.57,2.35,1.58,2.47,1.6,2.77,1.55,2.4,-0.25,2.04,1.86,2.06,1.84,2.09,1.88,2.03,1.82
N1,07/12/2019,18:45,PSV Eindhoven,For Sittard,5,0,H,3,0,H,28,4,10,0,11,14,13,0,0,4,0,0,1.11,9,17,1.11,9.5,23,1.13,8,15,1.13,9.06,20.05,1.11,8.5,19,1.1,9.5,20,1.16,10,23,1.12,8.87,17.72,1.28,3.6,1.26,3.84,1.35,3.95,1.27,3.66,-2.5,2,1.9,2.01,1.85,2.03,1.93,1.98,1.87,1.11,9,17,1.14,8.75,18.5,1.15,7.4,13,1.16,8.13,16.48,1.14,8,15,1.14,8,15,1.19,9,18.5,1.15,8.13,14.86,1.25,4,1.26,3.94,1.35,4,1.26,3.75,-2.25,1.95,1.95,1.93,1.95,1.98,1.98,1.92,1.93
N1,07/12/2019,18:45,VVV Venlo,FC Emmen,2,0,H,1,0,H,19,12,6,3,17,13,5,3,3,1,0,1,2.05,3.8,3.2,2.15,3.8,3.1,2.1,3.6,3.1,2.17,3.71,3.29,2.1,3.6,3.2,2.05,3.7,3.25,2.17,3.8,3.3,2.11,3.67,3.17,1.61,2.25,1.65,2.31,1.67,2.37,1.62,2.26,-0.25,1.87,2.03,1.89,2,1.9,2.06,1.86,1.99,2.1,3.8,3,2.2,3.8,3,2.15,3.45,3.05,2.2,3.76,3.19,2.15,3.5,3.1,2.15,3.6,3.13,2.3,3.8,3.25,2.17,3.63,3.1,1.72,2.07,1.75,2.15,1.78,2.33,1.73,2.1,-0.25,1.93,1.97,1.93,1.98,1.97,2.01,1.91,1.94
N1,07/12/2019,19:45,Zwolle,AZ Alkmaar,0,3,A,0,2,A,15,14,7,8,13,12,6,4,0,0,0,0,7,4.5,1.4,6.75,4.75,1.45,6.1,4.55,1.43,6.49,4.93,1.46,7,4.6,1.42,7,4.8,1.4,7,4.95,1.5,6.4,4.75,1.44,1.5,2.5,1.5,2.69,1.54,2.69,1.5,2.54,1.25,1.92,1.98,1.92,1.98,1.95,2,1.9,1.94,7,5.25,1.36,7.5,5.5,1.36,6.6,5,1.37,7.09,5.31,1.4,7.5,5,1.36,7,5.25,1.36,8.1,5.5,1.42,7.04,5.24,1.37,1.4,2.87,1.41,3.01,1.46,3.1,1.41,2.87,1.5,1.84,2.06,1.83,2.08,1.94,2.13,1.83,2.03
N1,08/12/2019,11:15,Vitesse,Feyenoord,0,0,D,0,0,D,15,21,3,4,7,11,4,3,3,3,0,0,2.9,3.75,2.2,2.95,3.8,2.25,2.8,3.6,2.25,2.89,3.88,2.32,2.8,3.7,2.25,2.8,3.75,2.25,3.1,4.1,2.4,2.83,3.73,2.27,1.5,2.5,1.52,2.62,1.55,2.66,1.51,2.52,0.25,1.87,2.03,1.86,2.04,1.89,2.1,1.83,2.02,2.75,3.75,2.3,2.75,3.8,2.35,2.6,3.7,2.35,2.7,3.98,2.41,2.6,3.8,2.35,2.6,3.9,2.38,2.8,4.1,2.43,2.67,3.82,2.36,1.44,2.7,1.45,2.85,1.53,2.85,1.45,2.7,0.25,1.72,2.07,1.78,2.13,1.81,2.17,1.76,2.09
N1,08/12/2019,13:30,Groningen,Utrecht,0,1,A,0,0,D,19,10,3,4,6,13,5,1,2,1,0,0,2.75,3.6,2.37,2.85,3.4,2.45,2.7,3.25,2.45,2.81,3.42,2.58,2.7,3.3,2.5,2.7,3.4,2.45,2.85,3.75,2.58,2.76,3.37,2.48,1.9,1.9,1.96,1.93,1.96,2.03,1.89,1.9,0,2.04,1.86,2.03,1.86,2.07,1.87,2.03,1.83,2.55,3.6,2.55,2.65,3.4,2.65,2.55,3.3,2.6,2.62,3.53,2.7,2.55,3.4,2.6,2.55,3.4,2.63,2.76,3.65,2.72,2.59,3.41,2.63,1.95,1.85,1.99,1.89,1.99,2.02,1.92,1.89,0,1.93,1.97,1.93,1.98,2.07,2,1.91,1.95
N1,08/12/2019,13:30,Waalwijk,Heerenveen,1,3,A,0,1,A,14,21,4,10,6,7,4,7,1,0,0,0,3.1,3.8,2.1,3.2,3.8,2.1,2.9,3.7,2.15,3.03,4.03,2.19,2.9,3.8,2.15,2.9,3.8,2.15,3.3,4.2,2.21,2.98,3.84,2.15,1.47,2.6,1.51,2.66,1.62,2.69,1.49,2.57,0.25,1.95,1.95,1.96,1.94,1.97,1.96,1.92,1.92,3.5,3.8,1.9,3.2,4,2.05,3.2,3.8,1.97,3.43,4.31,1.96,3.3,4,1.91,3.4,3.9,1.95,3.5,4.31,2.05,3.29,4.04,1.97,1.47,2.6,1.48,2.77,1.58,2.77,1.48,2.6,0.5,1.93,1.97,1.94,1.96,1.95,2.06,1.89,1.96
N1,08/12/2019,15:45,Sparta Rotterdam,Heracles,0,0,D,0,0,D,10,12,3,2,14,11,8,13,3,3,0,1,2.1,3.75,3.1,2.15,3.6,3.25,2.15,3.65,2.95,2.18,3.81,3.18,2.15,3.6,3.1,2.15,3.75,3,2.3,3.94,3.3,2.14,3.71,3.08,1.47,2.6,1.52,2.65,1.55,2.68,1.5,2.54,-0.25,1.93,1.97,1.92,1.99,1.97,2.04,1.89,1.96,1.9,4,3.5,1.95,4,3.5,1.97,3.8,3.25,1.95,4.13,3.59,1.95,3.8,3.4,1.95,3.9,3.4,2.08,4.13,3.65,1.96,3.95,3.39,1.5,2.5,1.5,2.68,1.52,2.76,1.48,2.59,-0.5,1.96,1.94,1.95,1.95,2.05,1.97,1.96,1.89
